FIPS,County,CHNi_v1,CHNi_v2,CHNi_v2w,prev_hosp,Total_ED,E_TOTPOP,ED_rate_per_1k,v2_rank,v1_rank,rank_change,Region,v2_imputed
37155,Robeson,1.739366833984813,1.691447471743989,2.321495601454576,5296,40712.0,117573.0,346.26997695049033,1,1,0,South Central,False
37165,Scotland,1.482450174520452,1.4153195036609647,2.2799702616721436,5133,42738.0,34222.0,1248.8457717257904,2,2,0,Piedmont,False
37005,Alleghany,0.4717482883812358,1.3917095226570426,1.4200803457323201,2368,4916.0,10989.0,447.35644735644735,3,25,22,West,False
37173,Swain,0.7211332328558434,1.2848273056512105,1.1947619863638672,2875,7159.0,14130.0,506.65251238499644,4,18,14,West,False
37083,Halifax,1.3798004601888636,1.103622774563647,1.5418383507148705,4201,19035.0,48772.0,390.28540966128105,5,3,-2,East,False
37153,Richmond,0.9548371439654055,1.0519357283341306,1.8058059894865073,3835,28574.0,43149.0,662.2169691070476,6,12,6,Piedmont,False
37133,Onslow,-0.38589125006914393,0.8934793774434777,0.44408787643845465,2671,40303.0,203686.0,197.86828746207397,7,71,64,East,False
37107,Lenoir,1.2344075442519868,0.840637763875772,1.5090495567470934,4006,31624.0,55071.0,574.2405258666086,8,7,-1,East,False
37131,Northampton,0.7594429207516356,0.8402427052977903,0.20134947393149655,4616,0.0,17528.0,0.0,9,15,6,East,False
37047,Columbus,1.0214206536862471,0.8156133871293503,0.9913842530428028,4496,10.0,50827.0,0.1967458240698841,10,11,1,South Central,False
37193,Wilkes,0.11546792516050937,0.7788403115938841,1.023762212362059,2336,24573.0,66125.0,371.61436672967864,11,38,27,West,False
37161,Rutherford,0.0852406141071423,0.7150847597574432,1.2461728573273583,2501,17769.0,64680.0,274.721706864564,12,40,28,West,False
37065,Edgecombe,1.2457638458396727,0.6721031622400608,0.8380843321368628,2963,19795.0,49067.0,403.42796584262334,13,6,-7,East,False
37007,Anson,1.1543435342078947,0.6662994802793714,0.17465302807585115,4260,15679.0,22200.0,706.2612612612612,14,9,-5,Piedmont,False
37015,Bertie,1.2032078423125347,0.64966595831951,0.7869331177480658,3865,8995.0,17818.0,504.8265798630598,15,8,-7,East,False
37061,Duplin,0.5694092470778089,0.6188413833171775,0.41158051276377156,3266,23093.0,49312.0,468.3038611291369,16,21,5,East,False
37171,Surry,0.0800771391564021,0.5964544095466306,0.7180038393925773,3736,36590.0,71429.0,512.2569264584413,17,41,24,West,False
37039,Cherokee,-0.04278608959231729,0.5725774073202354,0.7774118318347999,2143,11402.0,28868.0,394.97020922821116,18,49,31,West,False
37181,Vance,1.0561908965217874,0.5220600588423097,0.8737546350320087,3159,20572.0,42492.0,484.1381907182529,19,10,-9,North Central,False
37045,Cleveland,0.297424993828669,0.5212899599925512,0.571740009633183,3706,75200.0,99527.0,755.5738643785104,20,31,11,West,False
37009,Ashe,-0.3763644933796254,0.48292876795585826,0.19679910174575863,2422,8438.0,26759.0,315.33315893718003,21,68,47,West,False
37185,Warren,0.5462298718059877,0.4633337030358671,0.4929923328741625,2223,0.0,18803.0,0.0,22,23,1,North Central,False
37017,Bladen,0.7448956791103389,0.4618375473044653,0.9446435711522848,3592,11198.0,29807.0,375.683564263428,23,17,-6,South Central,False
37157,Rockingham,0.1352903226981549,0.42862718286723844,0.48798340144115127,3382,36881.0,91209.0,404.357026170663,24,36,12,Piedmont,False
37051,Cumberland,0.4012204479381909,0.4246836918681536,0.5208398696903724,3649,72919.0,335207.0,217.5342400367534,25,28,3,South Central,False
37023,Burke,0.01358053854466761,0.42023658930019636,0.8106463252561041,2221,37185.0,87799.0,423.5241859246688,26,48,22,West,False
37113,Macon,-0.4120245820138296,0.3815430820893477,0.652408179386086,1656,19845.0,37088.0,535.0787316652287,27,72,45,West,False
37027,Caldwell,0.12485028803813245,0.36833538434903157,0.34641594029859846,2776,20315.0,80716.0,251.6849199663016,28,37,9,West,False
37043,Clay,-0.45321610863616446,0.3375900769822709,0.5794736879364952,1335,0.0,11186.0,0.0,29,74,45,West,False
37117,Martin,0.8503782827003775,0.3361230955592542,0.6426850173823101,4138,9517.0,21992.0,432.74827209894505,30,13,-17,East,False
37091,Hertford,1.280994812122908,0.3189812318974098,0.2078631593214602,3689,15446.0,21633.0,714.001756575602,31,5,-26,East,False
37197,Yadkin,-0.32086138932934694,0.2781929888532896,0.13872733087881384,3407,0.0,37280.0,0.0,32,64,32,West,False
37199,Yancey,-0.30578286249198283,0.27309746087704767,0.3947940568231617,2333,0.0,18538.0,0.0,33,62,29,West,False
37195,Wilson,0.7661817664693913,0.2583932861541758,0.465693952869618,3863,32511.0,78667.0,413.273672569184,34,14,-20,East,False
37013,Beaufort,0.3285980116466096,0.24404015242467492,0.21549591292324177,3241,17960.0,44711.0,401.6908590727114,35,30,-5,East,False
37163,Sampson,0.6869601462980326,0.2330134700683188,0.18616311583546696,3885,25960.0,59317.0,437.64856617833,36,20,-16,East,False
37111,McDowell,-0.3182459001327199,0.2232740333378857,0.37776128981250234,2107,,,,37,63,26,West,False
37075,Graham,-0.20005980716475022,0.21760413889142022,0.24110462561270674,1216,0.0,8047.0,0.0,38,55,17,West,True
37151,Randolph,-0.08467905679650259,0.21292561630472717,0.24654624059283067,3463,23678.0,144403.0,163.97166263858784,39,50,11,Piedmont,False
37191,Wayne,0.43147544047588626,0.21259625332137835,0.22608541900585147,3262,49317.0,117480.0,419.7906026557712,40,27,-13,East,False
37099,Jackson,-0.2509200983212635,0.21193424444495476,0.2854101494796548,1809,28268.0,42388.0,666.8868547702181,41,58,17,West,False
37123,Montgomery,0.19128177338224078,0.20264609920379176,-0.020028752325654996,2962,10439.0,25839.0,404.00170285227756,42,34,-8,Piedmont,False
37093,Hoke,0.1119340518076721,0.19086181194244153,0.2053591722252111,3523,71257.0,52612.0,1354.3868319014673,43,39,-4,Piedmont,False
37011,Avery,-0.5001047443769744,0.18116458925464946,0.10468413362701243,1805,7075.0,17679.0,400.1923185700549,44,76,32,West,False
37121,Mitchell,-0.2655455367292609,0.09232970941323525,0.44405066210923727,1647,12704.0,14989.0,847.5548735739542,45,59,14,West,False
37145,Person,-0.1519106077428713,0.07915605514949801,0.24243357922923142,2782,11299.0,39131.0,288.7480514170351,46,51,5,North Central,False
37177,Tyrrell,0.5070925958115376,0.06336135456742246,0.08278178711866721,2713,0.0,3389.0,0.0,50,24,-26,East,True
37143,Perquimans,-0.3594266257062383,0.06336135456742246,0.08278178711866721,2695,0.0,13053.0,0.0,50,67,17,East,True
37103,Jones,0.75710863241918,0.06336135456742246,0.08278178711866721,4218,0.0,9263.0,0.0,50,16,-34,East,True
37095,Hyde,0.377165308482114,0.06336135456742246,0.08278178711866721,2376,0.0,4636.0,0.0,50,29,-21,East,True
37079,Greene,0.6906702451675852,0.06336135456742246,0.08278178711866721,2520,0.0,20407.0,0.0,50,19,-31,East,True
37041,Chowan,0.5551998901747017,0.06336135456742246,0.08278178711866721,1685,14759.0,13835.0,1066.7871340802312,50,22,-28,East,True
37073,Gates,0.021427624050569555,0.06336135456742246,0.08278178711866721,3359,0.0,10509.0,0.0,50,46,-4,East,True
37187,Washington,1.2858699710054693,0.06336135456742246,0.08278178711866721,2205,2555.0,11051.0,231.2007963080264,50,4,-46,East,True
37159,Rowan,0.06525015647495117,0.04536441571602111,0.10451446415159125,3065,35986.0,147067.0,244.69119516954856,55,42,-13,Piedmont,False
37033,Caswell,0.04006286618152146,0.02859835693118966,0.03406045271671938,2574,0.0,22747.0,0.0,56,44,-12,Piedmont,False
37087,Haywood,-0.3585392972886094,0.00037862525383847156,-0.07489212082620028,2247,16179.0,62152.0,260.31342515124214,57,66,9,West,False
37169,Stokes,-0.5188924427751929,-0.012689588418324904,0.2815449329950893,3638,2969.0,44696.0,66.42652586361196,58,77,19,Piedmont,False
37105,Lee,0.15166270618774522,-0.039144938253461325,0.15759439412456458,3778,23723.0,63560.0,373.237885462555,59,35,-24,Piedmont,False
37057,Davidson,-0.34199116661692147,-0.05865438489851103,-0.11497812657939535,3193,55825.0,169498.0,329.35491864210786,60,65,5,Piedmont,False
37085,Harnett,-0.21681070184710777,-0.08279124406724,-0.33931821505972015,4596,42960.0,134718.0,318.88834454193204,61,56,-5,South Central,False
37049,Craven,0.05211627493169933,-0.08587354418653342,-0.2899332986662094,2674,42948.0,101098.0,424.81552552968407,62,43,-19,East,False
37149,Polk,-0.6416742569194342,-0.09120098996140069,-0.3462384724246973,2131,8570.0,19538.0,438.6324086395741,63,84,21,West,False
37167,Stanly,-0.2687426833068448,-0.15196632599756496,-0.13403029709315548,4408,23490.0,62723.0,374.50377054668945,64,60,-4,Piedmont,False
37115,Madison,-0.3794204407673199,-0.15220939198452088,0.13620053836546792,2074,0.0,21414.0,0.0,65,69,4,West,False
37071,Gaston,-0.15600368748907606,-0.15404551240770575,-0.26942930116810876,3676,77861.0,228972.0,340.04594448229483,66,52,-14,West,False
37147,Pitt,0.4466607824006756,-0.17405346972106364,-0.020599541598132542,4066,67473.0,171196.0,394.1271992336269,67,26,-41,East,False
37137,Pamlico,0.01383269550861883,-0.18070411904951464,-0.27232549669743217,3112,0.0,12317.0,0.0,68,47,-21,East,False
37003,Alexander,-0.43578726004081075,-0.18599572385054036,-0.5897672770020662,3142,0.0,36505.0,0.0,69,73,4,West,False
37127,Nash,0.21372630065719042,-0.19694435921835574,-0.38538534784504935,3596,50414.0,95015.0,530.589906856812,70,33,-37,East,False
37035,Catawba,-0.18003652762749192,-0.26953703729564543,-0.42503406456450193,2187,63599.0,161011.0,394.99785728925355,71,54,-17,West,False
37189,Watauga,-0.7518452331284914,-0.32557908859175533,-0.41530952314274633,1822,16584.0,54540.0,304.0704070407041,72,91,19,West,False
37139,Pasquotank,0.03571104303532827,-0.3733857584428999,-0.7468251864768398,3323,31558.0,40454.0,780.095911405547,73,45,-28,East,False
37001,Alamance,-0.4695244251737167,-0.4066415265150241,-0.6454713510829064,2980,44396.0,171779.0,258.448355154006,74,75,1,Piedmont,False
37175,Transylvania,-0.7210984841791894,-0.42554467994991063,-0.46802444870524806,1803,12978.0,33131.0,391.71772660046486,75,88,13,West,False
37031,Carteret,-0.7246329194416059,-0.4840085870452975,-0.6654911911634173,3217,33677.0,68353.0,492.69234708059633,76,89,13,East,False
37141,Pender,-0.6978406472930129,-0.48536306413633346,-0.8703419259841849,1991,15832.0,61592.0,257.04636965839717,77,86,9,East,False
37089,Henderson,-0.5993391250117559,-0.566042461754757,-0.7185744687017277,1419,41361.0,116469.0,355.12453957705486,78,81,3,West,False
37077,Granville,-0.27633331553065926,-0.5695485135886147,-1.1807007123608233,2746,20254.0,61161.0,331.1587449518484,79,61,-18,North Central,False
37029,Camden,-1.223983731206848,-0.5770604235487647,-1.7289233303099183,3298,0.0,10547.0,0.0,80,98,18,East,False
37069,Franklin,-0.6951573735079611,-0.5815379756586857,-1.1389373071722866,3187,10473.0,69680.0,150.30137772675087,81,85,4,North Central,False
37067,Forsyth,0.2305137935754264,-0.6408126387766628,-0.5764445089360342,3106,179063.0,383739.0,466.6270564107375,82,32,-50,Piedmont,False
37021,Buncombe,-0.38416478897559214,-0.6661894946945668,-0.5670813972482318,1765,66585.0,269449.0,247.11540959513675,83,70,-13,West,False
37059,Davie,-0.7358751658358855,-0.6691370313894807,-0.5075157633211278,2935,18228.0,43030.0,423.6114338833372,84,90,6,Piedmont,False
37129,New Hanover,-0.6325064260142078,-0.6910315241493943,-0.7483831802744044,2413,91625.0,228134.0,401.62799056694746,85,83,-2,East,False
37019,Brunswick,-0.9746161751205473,-0.734997707406247,-0.7370249689462074,1995,36628.0,139721.0,262.15100092326855,86,95,9,East,False
37109,Lincoln,-0.8219268175393536,-0.7594180278885341,-0.8427916043838415,3014,34855.0,87933.0,396.381335789749,87,93,6,West,False
37081,Guilford,-0.1601874451364473,-0.8725442084943345,-0.8782544761756681,2522,167862.0,539557.0,311.11078162270155,88,53,-35,Piedmont,False
37101,Johnston,-0.617877395665745,-1.0048554053258572,-1.167457627220855,3459,57371.0,219042.0,261.9178057176249,89,82,-7,East,False
37097,Iredell,-0.7546710580307371,-1.0086593035974691,-1.2348253451556161,2753,71555.0,187839.0,380.93793088762186,90,92,2,West,False
37053,Currituck,-1.2072134933922158,-1.0330384760622473,-1.8066366544827541,3739,0.0,28616.0,0.0,91,97,6,East,False
37125,Moore,-0.5855559638011757,-1.0776528221561934,-1.263581535508901,2615,34446.0,100759.0,341.8652428070942,92,80,-12,Piedmont,False
37055,Dare,-1.234248430298047,-1.4040666844740743,-1.4476233996001595,1296,18474.0,37160.0,497.14747039827773,93,99,6,East,False
37119,Mecklenburg,-0.5695933943737803,-1.4383253058111123,-1.6648868482624983,2589,413260.0,1115403.0,370.5028586080547,94,79,-15,Piedmont,False
37025,Cabarrus,-0.7025352820408935,-1.4592290472319682,-1.7833510649668889,3761,92082.0,226396.0,406.7298008798742,95,87,-8,Piedmont,False
37063,Durham,-0.24972900837936277,-1.4872132294463214,-1.5059514434812011,2583,88598.0,325101.0,272.52453852802665,96,57,-39,North Central,False
37037,Chatham,-0.8775737741585278,-1.6711939826099682,-1.6204769688831848,1959,13912.0,76754.0,181.2543971649686,97,94,-3,Piedmont,False
37135,Orange,-0.5331954413654678,-1.8254409267558762,-1.8383098328901506,1671,60274.0,145919.0,413.06478251632757,98,78,-20,Piedmont,False
37179,Union,-1.0519219608962467,-1.98019865532425,-2.500876214806825,3342,62461.0,240109.0,260.13602155687624,99,96,-3,Piedmont,False
37183,Wake,-1.3451066732701347,-2.2657379359546703,-2.2001712725581104,2314,293655.0,1132103.0,259.3889425255476,100,100,0,North Central,False
