feature,column,r_ca,p_ca,r_ny,p_ny,avg_abs_r
Math Scores,Math Scores raw value,-0.6382640807596364,9.239280549346941e-08,,,0.6382640807596364
Reading Scores,Reading Scores raw value,-0.5982917390915603,1.1172507013334778e-06,,,0.5982917390915603
Food Insecurity,Food Insecurity raw value,0.4657219544719118,0.00022954943748341238,0.6368439879121918,2.63208390101972e-08,0.5512829711920517
Frequent Physical Distress,Frequent Physical Distress raw value,0.4707208541411826,0.00019226737589774406,0.5432653734495502,5.055670849704976e-06,0.5069931137953664
Firearm Fatalities,Firearm Fatalities raw value,0.6097570526551199,1.6008885499461628e-06,0.40162831105379615,0.0019577781578228445,0.505692681854458
Median Household Income,Median Household Income raw value,-0.523217093151627,2.5089600220202557e-05,-0.46680883266436035,0.00013100280837665402,0.4950129629079937
Teen Births,Teen Births raw value,0.5396463697351506,1.7711055110683656e-05,0.44500510993535336,0.0003263977127885747,0.49232573983525196
Homicides,Homicides raw value,0.5570238453495191,3.226027208970865e-05,0.40755575066311495,0.025385381196579453,0.482289798006317
Frequent Mental Distress,Frequent Mental Distress raw value,0.5477411952738268,8.583998506212165e-06,0.4094777287029061,0.0009504201160749396,0.47860946198836646
Infant Mortality,Infant Mortality raw value,0.6160506833434319,6.639490308354561e-06,0.33617376313987946,0.02950326572933862,0.4761122232416557
Adult Smoking,Adult Smoking raw value,0.5740819110634059,2.4587229715480382e-06,0.373844495375087,0.0027616653317195086,0.47396320321924645
Poor or Fair Health,Poor or Fair Health raw value,0.34062172863081114,0.008886898516586255,0.5952911522211427,3.3407384717368665e-07,0.46795644042597695
Poor Physical Health Days,Poor Physical Health Days raw value,0.49614182894797637,7.47503994390081e-05,0.4375295752673063,0.00037646665156386265,0.46683570210764136
Food Environment Index,Food Environment Index raw value,-0.3684782954960789,0.004426589272627771,-0.5644829391089212,1.7651689190721194e-06,0.46648061730250007
Life Expectancy,Life Expectancy raw value,-0.45957696199112374,0.00032277767070451136,-0.4652229801198842,0.00013905401745448377,0.462399971055504
Disconnected Youth,Disconnected Youth raw value,0.7153174199486607,1.4766460622995356e-07,0.2086690699445247,0.13766239754053228,0.4619932449465927
Children Eligible for Free or Reduced Price Lunch,Children Eligible for Free or Reduced Price Lunch raw value,0.3249460843832697,0.012817923594324602,0.5357021807967723,7.232140379484348e-06,0.430324132590021
Children in Poverty,Children in Poverty raw value,0.3354681075613763,0.010044219597159003,0.5204173919874022,1.4530866697775212e-05,0.4279427497743893
Voter Turnout,Voter Turnout raw value,-0.37834860969670814,0.003407127454172051,-0.4740802150126209,9.928315027878499e-05,0.4262144123546645
Flu Vaccinations,Flu Vaccinations raw value,-0.47642597053136027,0.0001565323575457581,-0.3635881434200475,0.003675354604343442,0.4200070569757039
Broadband Access,Broadband Access raw value,-0.41958924246297025,0.0010429821455657,-0.4142441831025983,0.0008165795966086826,0.4169167127827843
Premature Age-Adjusted Mortality,Premature Age-Adjusted Mortality raw value,0.2743542962548882,0.03715012951577669,0.5465405903906346,4.317835054871755e-06,0.4104474433227614
Physical Inactivity,Physical Inactivity raw value,0.332555038393585,0.010754463183312728,0.48767383118796215,5.812886003130265e-05,0.4101144347907736
Poor Mental Health Days,Poor Mental Health Days raw value,0.5321736716353084,1.7122543064171438e-05,0.24847280940668207,0.05149654726554507,0.3903232405209952
Suicides,Suicides raw value,0.5030015185944984,9.081282311093177e-05,0.25395903043946866,0.04827278683045766,0.3784802745169835
Diabetes Prevalence,Diabetes Prevalence raw value,0.18906385065573228,0.1552067110037949,0.5569443718048075,2.586836528693906e-06,0.3730041112302699
Child Care Cost Burden,Child Care Cost Burden raw value,0.2887680546395126,0.027921756274305064,0.44412611880593894,0.00029923372756719316,0.36644708672272575
High School Graduation,High School Graduation raw value,-0.3407793340612198,0.010167684697566615,-0.3551044601626529,0.0053671459879733804,0.34794189711193635
Juvenile Arrests,Juvenile Arrests raw value,,,0.3405159365875641,0.010229911291285223,0.3405159365875641
Unemployment,Unemployment raw value,0.22401084552351685,0.09094472578045527,0.4563936845058376,0.00019280060485877634,0.3402022650146772
Traffic Volume,Traffic Volume raw value,-0.48771226978100285,0.00010309802357842541,0.18280681368890125,0.15498442284901007,0.33525954173495204
Premature Death,Premature Death raw value,0.15059310103350576,0.259165405677108,0.49466982455885317,4.373892710026949e-05,0.3226314627961795
Insufficient Sleep,Insufficient Sleep raw value,0.3100068682090105,0.017874143923357254,0.31847715628213236,0.011645126203595594,0.31424201224557147
Adult Obesity,Adult Obesity raw value,0.43022049077446434,0.0007497055025029943,0.19385869700849978,0.13110907137122685,0.31203959389148206
Some College,Some College raw value,-0.2920978927227595,0.02608841626849359,-0.3294611010487826,0.00892719371943953,0.31077949688577106
School Segregation,School Segregation raw value,-0.4681369458149678,0.00021078458806873462,0.11139887023671362,0.3927071562598979,0.2897679080258407
Child Mortality,Child Mortality raw value,0.3007153347057452,0.0320168576627573,0.267531288511003,0.03877853420939985,0.2841233116083741
HIV Prevalence,HIV Prevalence raw value,-0.27410803529180583,0.04285542649756731,0.288244003916753,0.025522863296702857,0.2811760196042794
Mammography Screening,Mammography Screening raw value,-0.3921631861617403,0.0023300323622123214,-0.1470013951499795,0.25422758683350677,0.2695822906558599
Drug Overdose Deaths,Drug Overdose Deaths raw value,0.42953255670153795,0.0011900442863775707,0.0937694331721893,0.4722655620254058,0.2616509949368636
Motor Vehicle Crash Deaths,Motor Vehicle Crash Deaths raw value,0.5192058310836184,4.1299684680574124e-05,-0.0009638639368552775,0.9941178265997189,0.26008484751023686
Primary Care Physicians,Primary Care Physicians raw value,-0.3642541827413808,0.0053440604915854515,-0.15565429767400613,0.22702419776802543,0.2599542402076935
Access to Exercise Opportunities,Access to Exercise Opportunities raw value,-0.28622294547140587,0.029394839053511777,-0.22206377858849807,0.08279779309598069,0.25414336202995197
Uninsured Adults,Uninsured Adults raw value,0.21386914970435242,0.10695424514915655,0.28642260438295597,0.024013786288229456,0.2501458770436542
High School Completion,High School Completion raw value,-0.09774440716842314,0.46542369376184795,-0.3968886384459849,0.001404220734590548,0.247316522807204
Driving Alone to Work,Driving Alone to Work raw value,0.3349455611668037,0.010168547726766283,-0.14982284178085972,0.24512488701601437,0.24238420147383172
Homeownership,Homeownership raw value,0.2298813593416491,0.08257351605569263,-0.24262247525780004,0.05742933414999117,0.23625191729972456
Severe Housing Cost Burden,Severe Housing Cost Burden raw value,-0.32036308745098796,0.014218444612974925,0.13098545865008684,0.3102148987866668,0.2256742730505374
Uninsured,Uninsured raw value,0.21382152228694723,0.1070342430938192,0.22788100745395504,0.07485711915332971,0.22085126487045115
Children in Single-Parent Households,Children in Single-Parent Households raw value,0.04328972722136487,0.7469533374174391,0.3813627508544791,0.002226550764210561,0.212326239037922
Census Participation,Census Participation raw value,-0.18765982618491767,0.15835353940124097,-0.23576791513461273,0.06507274634016615,0.2117138706597652
Income Inequality,Income Inequality raw value,-0.16830468639064763,0.22377806233356534,0.2484484404328041,0.05777445813376707,0.20837656341172586
Severe Housing Problems,Severe Housing Problems raw value,-0.273126800064215,0.03804094030583595,0.13665948863948987,0.28953703059914637,0.20489314435185246
Dentists,Dentists raw value,-0.22704954171066605,0.08653238240546496,-0.16617998296872008,0.20055305169932888,0.19661476233969305
Sexually Transmitted Infections,Sexually Transmitted Infections raw value,-0.1742550697713536,0.1948395491973045,0.21778373852951288,0.09178410532506366,0.19601940415043323
Long Commute - Driving Alone,Long Commute - Driving Alone raw value,-0.3192091185552436,0.014591111661115257,-0.06421608441668201,0.6199931743231522,0.1917126014859628
School Funding Adequacy,School Funding Adequacy raw value,-0.12055655259823203,0.37170651431816215,-0.22980952197337745,0.08267214702371187,0.17518303728580475
Excessive Drinking,Excessive Drinking raw value,-0.11264918505128663,0.3998330233975994,-0.21157785995731535,0.09877758864681274,0.162113522504301
Injury Deaths,Injury Deaths raw value,0.15972504167822393,0.23105067230485865,0.15555825672162443,0.227314569566489,0.15764164919992418
Mental Health Providers,Mental Health Providers raw value,-0.2607738579652386,0.04802842733917761,-0.03697478096309745,0.775404894755503,0.14887431946416801
Low Birthweight,Low Birthweight raw value,0.10333496242128813,0.44431394763182097,0.16828390021352713,0.19483204890681685,0.13580943131740764
Residential Segregation - Black/White,Residential Segregation - Black/White raw value,0.20462451599292172,0.1456287928374992,0.06487028774874447,0.6347893138332746,0.1347474018708331
Air Pollution - Particulate Matter,Air Pollution - Particulate Matter raw value,-0.21293853959505274,0.10852572372882832,-0.056423817909816175,0.6631361771368514,0.13468117875243446
Gender Pay Gap,Gender Pay Gap raw value,-0.19171134426362443,0.149398975693384,0.07381499551279619,0.5685622752732542,0.1327631698882103
Drinking Water Violations,Drinking Water Violations raw value,-0.10817872580383828,0.41891432427786846,-0.08996218809124112,0.4868303489703548,0.0990704569475397
Limited Access to Healthy Foods,Limited Access to Healthy Foods raw value,0.11988739838549177,0.370039934371366,0.03881724552108391,0.7645280744271832,0.07935232195328784
Uninsured Children,Uninsured Children raw value,0.13054741820887306,0.32868555491890494,0.011818108204684135,0.9273612914782147,0.07118276320677859
Other Primary Care Providers,Other Primary Care Providers raw value,-0.1159754303960815,0.3859715393040819,-0.011566903797920495,0.9289012585039653,0.063771167097001
Social Associations,Social Associations raw value,-0.046699244667256126,0.7277659959647644,0.04523022283357594,0.7270337605391504,0.04596473375041603
Alcohol-Impaired Driving Deaths,Alcohol-Impaired Driving Deaths raw value,0.053154529783063474,0.6918977963573987,-0.02924202399314683,0.8215014344227969,0.04119827688810515
Child Care Centers,Child Care Centers raw value,-0.0164710476353863,0.9023309110348106,-0.007688665505745222,0.9531042977717092,0.012079856570565761
Living Wage,Living Wage raw value,,,,,
