Feature,Correlation,Abs_Correlation,Group
CASTHMA_crude_prevalence,0.6293073940823414,0.6293073940823414,Chronic Disease (PLACES)
chr_homicides,0.5827144828816918,0.5827144828816918,Health Outcomes (CHR)
chr_life_expectancy,-0.5812884195864636,0.5812884195864636,Health Outcomes (CHR)
CASTHMA_age-adjusted_prevalence,0.5742703183669444,0.5742703183669444,Chronic Disease (PLACES)
MHLTH_crude_prevalence,0.573815454687363,0.573815454687363,Chronic Disease (PLACES)
DIABETES_age-adjusted_prevalence,0.5725801469406364,0.5725801469406364,Chronic Disease (PLACES)
CHECKUP_age-adjusted_prevalence,0.5723741078894309,0.5723741078894309,Chronic Disease (PLACES)
OBESITY_crude_prevalence,0.5654952744010223,0.5654952744010223,Chronic Disease (PLACES)
BPHIGH_age-adjusted_prevalence,0.5648881978352825,0.5648881978352825,Chronic Disease (PLACES)
KIDNEY_age-adjusted_prevalence,0.5645845057299795,0.5645845057299795,Chronic Disease (PLACES)
BPMED_age-adjusted_prevalence,0.5642014048933802,0.5642014048933802,Chronic Disease (PLACES)
chr_obesity,0.5639876478897408,0.5639876478897408,Health Outcomes (CHR)
BINGE_age-adjusted_prevalence,-0.5638494564935955,0.5638494564935955,Chronic Disease (PLACES)
chr_phys_inactivity,0.5556876504044265,0.5556876504044265,Health Outcomes (CHR)
chr_insuff_sleep,0.5542132052975915,0.5542132052975915,Health Outcomes (CHR)
EP_MINRTY,0.5535115531707351,0.5535115531707351,Demographics (SVI)
RPL_THEME3,0.551616883738483,0.551616883738483,Demographics (SVI)
STROKE_age-adjusted_prevalence,0.5499106218824782,0.5499106218824782,Chronic Disease (PLACES)
COGNITION_crude_prevalence,0.547217323422568,0.547217323422568,Chronic Disease (PLACES)
VISION_age-adjusted_prevalence,0.5469328817773944,0.5469328817773944,Chronic Disease (PLACES)
EP_AGE17,0.5460254776535838,0.5460254776535838,Demographics (SVI)
MOBILITY_age-adjusted_prevalence,0.5433754234903592,0.5433754234903592,Chronic Disease (PLACES)
OBESITY_age-adjusted_prevalence,0.5430693852696781,0.5430693852696781,Chronic Disease (PLACES)
chr_poor_health_pct,0.5427746660055921,0.5427746660055921,Health Outcomes (CHR)
GHLTH_age-adjusted_prevalence,0.5413820222485498,0.5413820222485498,Chronic Disease (PLACES)
chr_excessive_drink,-0.5405050194085783,0.5405050194085783,Health Outcomes (CHR)
SELFCARE_age-adjusted_prevalence,0.5352165152665472,0.5352165152665472,Chronic Disease (PLACES)
INDEPLIVE_age-adjusted_prevalence,0.5332792678814385,0.5332792678814385,Chronic Disease (PLACES)
LPA_age-adjusted_prevalence,0.5314191185718768,0.5314191185718768,Chronic Disease (PLACES)
CSMOKING_crude_prevalence,0.525223535986926,0.525223535986926,Chronic Disease (PLACES)
ACCESS2_crude_prevalence,0.521349901356349,0.521349901356349,Chronic Disease (PLACES)
chr_premature_mort,0.5187015190957988,0.5187015190957988,Health Outcomes (CHR)
chr_single_parent,0.5118995812760996,0.5118995812760996,Health Outcomes (CHR)
DISABILITY_age-adjusted_prevalence,0.5032375918332277,0.5032375918332277,Chronic Disease (PLACES)
chr_pct_black,0.4953141959510453,0.4953141959510453,Health Outcomes (CHR)
PHLTH_age-adjusted_prevalence,0.48841442989718864,0.48841442989718864,Chronic Disease (PLACES)
CANCER_age-adjusted_prevalence,-0.48736170764996845,0.48736170764996845,Chronic Disease (PLACES)
chr_ypll_rate,0.48488819468280503,0.48488819468280503,Health Outcomes (CHR)
ACCESS2_age-adjusted_prevalence,0.48389361366972594,0.48389361366972594,Chronic Disease (PLACES)
COGNITION_age-adjusted_prevalence,0.4832013245217319,0.4832013245217319,Chronic Disease (PLACES)
RPL_THEME2,0.4736934407850741,0.4736934407850741,Demographics (SVI)
ARTHRITIS_age-adjusted_prevalence,0.47293450643395746,0.47293450643395746,Chronic Disease (PLACES)
INDEPLIVE_crude_prevalence,0.4698023330205679,0.4698023330205679,Chronic Disease (PLACES)
VISION_crude_prevalence,0.46845112524279975,0.46845112524279975,Chronic Disease (PLACES)
CSMOKING_age-adjusted_prevalence,0.451371784742006,0.451371784742006,Chronic Disease (PLACES)
chr_mvcrash_deaths,0.4490192444550333,0.4490192444550333,Health Outcomes (CHR)
LPA_crude_prevalence,0.4463973998962898,0.4463973998962898,Chronic Disease (PLACES)
GHLTH_crude_prevalence,0.4462432760586328,0.4462432760586328,Chronic Disease (PLACES)
CHD_age-adjusted_prevalence,0.43236032084647646,0.43236032084647646,Chronic Disease (PLACES)
SELFCARE_crude_prevalence,0.4310102014677044,0.4310102014677044,Chronic Disease (PLACES)
MHLTH_age-adjusted_prevalence,0.4257681458159786,0.4257681458159786,Chronic Disease (PLACES)
chr_infant_mort,0.4256771836241151,0.4256771836241151,Health Outcomes (CHR)
chr_smoking,0.424781950892112,0.424781950892112,Health Outcomes (CHR)
RPL_THEME1,0.4201372276800177,0.4201372276800177,Demographics (SVI)
UnemploymentRate,0.41343038141412886,0.41343038141412886,Economic
PovertyRate,0.40944579929183567,0.40944579929183567,Economic
CANCER_crude_prevalence,-0.40876189040924654,0.40876189040924654,Chronic Disease (PLACES)
EP_AGE65,-0.4076254585142566,0.4076254585142566,Demographics (SVI)
EP_POV150,0.40673038694840535,0.40673038694840535,Demographics (SVI)
COPD_age-adjusted_prevalence,0.391351818314769,0.391351818314769,Chronic Disease (PLACES)
chr_suicides,-0.38372549989789684,0.38372549989789684,Health Outcomes (CHR)
chr_child_mort,0.3664334104098933,0.3664334104098933,Health Outcomes (CHR)
DIABETES_crude_prevalence,0.35410989348567656,0.35410989348567656,Chronic Disease (PLACES)
PHLTH_crude_prevalence,0.34276233942393547,0.34276233942393547,Chronic Disease (PLACES)
RPL_THEME4,0.34260697039332977,0.34260697039332977,Demographics (SVI)
chr_air_pollution,0.33778957233194584,0.33778957233194584,Health Outcomes (CHR)
DISABILITY_crude_prevalence,0.33671778070394576,0.33671778070394576,Chronic Disease (PLACES)
ChildPovertyRate,0.3347764426820409,0.3347764426820409,Economic
chr_pcp_rate,-0.3257487184198666,0.3257487184198666,Health Outcomes (CHR)
CHOLSCREEN_crude_prevalence,-0.3149485692741544,0.3149485692741544,Chronic Disease (PLACES)
EP_UNEMP,0.3035987284796855,0.3035987284796855,Demographics (SVI)
MOBILITY_crude_prevalence,0.30210772678298814,0.30210772678298814,Chronic Disease (PLACES)
EP_NOVEH,0.29342208690110444,0.29342208690110444,Demographics (SVI)
chr_broadband,-0.26359530730766106,0.26359530730766106,Health Outcomes (CHR)
EP_MOBILE,0.26071398516176714,0.26071398516176714,Demographics (SVI)
STROKE_crude_prevalence,0.26029131442993436,0.26029131442993436,Chronic Disease (PLACES)
chr_mhp_rate,-0.2523106968669366,0.2523106968669366,Health Outcomes (CHR)
chr_severe_housing,0.25169680219882407,0.25169680219882407,Health Outcomes (CHR)
chr_income_inequality,0.23958723495932835,0.23958723495932835,Health Outcomes (CHR)
EP_NOINT,0.23847081285301902,0.23847081285301902,Demographics (SVI)
chr_food_insecurity,0.23492888685395866,0.23492888685395866,Health Outcomes (CHR)
BPHIGH_crude_prevalence,0.23455794978088246,0.23455794978088246,Chronic Disease (PLACES)
HIGHCHOL_age-adjusted_prevalence,0.2260363957490304,0.2260363957490304,Chronic Disease (PLACES)
chr_dentist_rate,-0.22170563203647475,0.22170563203647475,Health Outcomes (CHR)
MedianHouseholdIncome,-0.21684995898303117,0.21684995898303117,Economic
CHECKUP_crude_prevalence,0.20633003455598173,0.20633003455598173,Chronic Disease (PLACES)
chr_food_env_index,-0.2014531964783443,0.2014531964783443,Health Outcomes (CHR)
BINGE_crude_prevalence,-0.188547012076869,0.188547012076869,Chronic Disease (PLACES)
AHRF_md_psych,-0.1779571414301693,0.1779571414301693,Infrastructure (AHRF)
KIDNEY_crude_prevalence,0.17760749375833287,0.17760749375833287,Chronic Disease (PLACES)
chr_flu_vax,-0.17612204870002987,0.17612204870002987,Health Outcomes (CHR)
chr_mammography,0.1688772526320577,0.1688772526320577,Health Outcomes (CHR)
chr_population,0.1677902783277954,0.1677902783277954,Health Outcomes (CHR)
CHOLSCREEN_age-adjusted_prevalence,-0.1673658551252314,0.1673658551252314,Chronic Disease (PLACES)
AHRF_hpsa_dental,0.163830806182622,0.163830806182622,Infrastructure (AHRF)
HEARING_age-adjusted_prevalence,0.16180858346084778,0.16180858346084778,Chronic Disease (PLACES)
COPD_crude_prevalence,0.16084763624284523,0.16084763624284523,Chronic Disease (PLACES)
HIGHCHOL_crude_prevalence,-0.15776765396133838,0.15776765396133838,Chronic Disease (PLACES)
DEPRESSION_age-adjusted_prevalence,-0.15765419453703397,0.15765419453703397,Chronic Disease (PLACES)
HEARING_crude_prevalence,-0.15616640535428475,0.15616640535428475,Chronic Disease (PLACES)
chr_drug_overdose,0.14962592720151985,0.14962592720151985,Health Outcomes (CHR)
AHRF_md_total,-0.12863320045433918,0.12863320045433918,Infrastructure (AHRF)
chr_pct_hispanic,0.12191357516575653,0.12191357516575653,Health Outcomes (CHR)
AHRF_md_active,-0.12038559422788359,0.12038559422788359,Infrastructure (AHRF)
BPMED_crude_prevalence,-0.11797401421947755,0.11797401421947755,Chronic Disease (PLACES)
AHRF_md_surg_spec,-0.1171153854722706,0.1171153854722706,Infrastructure (AHRF)
AHRF_md_pcp_office,-0.11546791292626506,0.11546791292626506,Infrastructure (AHRF)
EP_DISABL,0.11289062169181692,0.11289062169181692,Demographics (SVI)
AHRF_md_gp,-0.11170462663507122,0.11170462663507122,Infrastructure (AHRF)
AHRF_md_med_spec,-0.11153676833880043,0.11153676833880043,Infrastructure (AHRF)
AHRF_md_obgyn,-0.10425367242330809,0.10425367242330809,Infrastructure (AHRF)
chr_disconnected_youth,0.10372559250442302,0.10372559250442302,Health Outcomes (CHR)
chr_injury_deaths,0.10333720292313191,0.10333720292313191,Health Outcomes (CHR)
AHRF_dentists,-0.09724156834740338,0.09724156834740338,Infrastructure (AHRF)
Medicaid_Enrollment,0.09434851698769649,0.09434851698769649,Insurance/Enrollment
AHRF_md_pcp,-0.09300543575052142,0.09300543575052142,Infrastructure (AHRF)
AHRF_hosp_pt_staff,-0.08569127911301523,0.08569127911301523,Infrastructure (AHRF)
chr_social_assoc,-0.08050537975213665,0.08050537975213665,Health Outcomes (CHR)
chr_water_violations,0.07186841933628317,0.07186841933628317,Health Outcomes (CHR)
AHRF_np,-0.06435308188521406,0.06435308188521406,Infrastructure (AHRF)
AHRF_pop_65plus,-0.06417578900497634,0.06417578900497634,Infrastructure (AHRF)
AHRF_hpsa_mental,-0.059932492578037844,0.059932492578037844,Infrastructure (AHRF)
AHRF_hosp_ft_staff,-0.057032998183762625,0.057032998183762625,Infrastructure (AHRF)
AHRF_hosp_beds,-0.053979600877686315,0.053979600877686315,Infrastructure (AHRF)
chr_pct_rural,-0.05191278608560791,0.05191278608560791,Health Outcomes (CHR)
chr_other_pcp_rate,-0.04616086505340094,0.04616086505340094,Health Outcomes (CHR)
AHRF_hosp_admissions,-0.04185070383179689,0.04185070383179689,Infrastructure (AHRF)
AHRF_pa,-0.04076504111616771,0.04076504111616771,Infrastructure (AHRF)
AHRF_stgh_admissions,-0.03267451927000385,0.03267451927000385,Infrastructure (AHRF)
AHRF_stgh_beds,-0.03170181577857857,0.03170181577857857,Infrastructure (AHRF)
AHRF_hpsa_prim_care,0.03128296005803172,0.03128296005803172,Infrastructure (AHRF)
AHRF_population,-0.02434588955065174,0.02434588955065174,Infrastructure (AHRF)
E_TOTPOP,-0.02306602590652638,0.02306602590652638,Demographics (SVI)
DEPRESSION_crude_prevalence,-0.017999809723682755,0.017999809723682755,Chronic Disease (PLACES)
AHRF_stgh_outpatient,0.014935396858178348,0.014935396858178348,Infrastructure (AHRF)
EP_UNINSUR,-0.009395358579484788,0.009395358579484788,Demographics (SVI)
MA_Enrollment_Annual,0.00586619366812391,0.00586619366812391,Insurance/Enrollment
ARTHRITIS_crude_prevalence,-0.005677990524764509,0.005677990524764509,Chronic Disease (PLACES)
chr_uninsured_pct,0.004580691823655001,0.004580691823655001,Health Outcomes (CHR)
CHD_crude_prevalence,-0.0030914404243822446,0.0030914404243822446,Chronic Disease (PLACES)
