Feature,Group,N_NonNull,Pct_Missing,Mean,Std,Min,Q25,Median,Q75,Max,Skewness
ACCESS2_age-adjusted_prevalence,Chronic Disease (PLACES),100,0.0,14.367,2.4933469048407177,9.3,12.5,14.0,16.4,20.5,0.23754046994667402
ACCESS2_crude_prevalence,Chronic Disease (PLACES),100,0.0,13.586000000000002,2.4060118306635423,8.8,11.875,13.55,15.325000000000001,19.8,0.2448089854196289
ARTHRITIS_age-adjusted_prevalence,Chronic Disease (PLACES),100,0.0,25.264999999999997,1.5694285777333288,21.1,24.5,25.4,26.3,29.1,-0.4860954033022308
ARTHRITIS_crude_prevalence,Chronic Disease (PLACES),100,0.0,30.543000000000003,3.622300597156677,19.9,28.4,31.05,33.0,37.1,-0.805836530615725
BINGE_age-adjusted_prevalence,Chronic Disease (PLACES),100,0.0,17.022000000000002,1.3541242650704275,14.0,15.975,17.2,18.0,19.9,-0.2238694332564102
BINGE_crude_prevalence,Chronic Disease (PLACES),100,0.0,14.919999999999998,1.6140168849954777,11.3,13.875,14.9,16.025,19.8,0.30673214597656123
BPHIGH_age-adjusted_prevalence,Chronic Disease (PLACES),100,0.0,33.606,3.4418934183135743,27.6,30.875,33.0,35.949999999999996,43.1,0.6430893442636778
BPHIGH_crude_prevalence,Chronic Disease (PLACES),100,0.0,38.985,4.68093867388656,27.2,35.95,38.7,42.575,50.0,-0.029456816485599436
BPMED_age-adjusted_prevalence,Chronic Disease (PLACES),100,0.0,61.538999999999994,2.004887714430598,58.4,60.0,61.150000000000006,63.025,66.5,0.4456096708752749
BPMED_crude_prevalence,Chronic Disease (PLACES),100,0.0,80.589,2.5410526332306627,70.9,79.3,80.85,82.325,85.2,-0.7986667662666788
CANCER_age-adjusted_prevalence,Chronic Disease (PLACES),100,0.0,6.126999999999999,0.21689032745010592,5.6,6.0,6.1,6.3,6.5,-0.36185598137107244
CANCER_crude_prevalence,Chronic Disease (PLACES),100,0.0,7.853000000000001,1.1264008113805617,4.7,7.2,7.75,8.5,10.4,0.004098369206363224
CASTHMA_age-adjusted_prevalence,Chronic Disease (PLACES),100,0.0,10.158,0.6459164658127866,8.9,9.7,10.1,10.5,12.1,0.5736318220205979
CASTHMA_crude_prevalence,Chronic Disease (PLACES),100,0.0,10.020999999999999,0.6404378237273359,8.8,9.6,10.0,10.4,12.1,0.5725583078434114
CERVICAL_age-adjusted_prevalence,Chronic Disease (PLACES),0,100.0,,,,,,,,
CERVICAL_crude_prevalence,Chronic Disease (PLACES),0,100.0,,,,,,,,
CHD_age-adjusted_prevalence,Chronic Disease (PLACES),100,0.0,5.999999999999999,0.6152933110199221,4.5,5.6,6.0,6.4,8.1,0.1611506604513603
CHD_crude_prevalence,Chronic Disease (PLACES),100,0.0,7.857,1.4037651390658503,4.5,6.9,8.149999999999999,8.8,10.9,-0.4044431434611195
CHECKUP_age-adjusted_prevalence,Chronic Disease (PLACES),100,0.0,77.187,1.4433165370987149,73.9,76.1,76.95,78.05,81.6,0.6598493452490362
CHECKUP_crude_prevalence,Chronic Disease (PLACES),100,0.0,79.679,1.5931225294808289,74.4,78.7,79.6,80.75,83.4,-0.1118360486392125
CHOLSCREEN_age-adjusted_prevalence,Chronic Disease (PLACES),100,0.0,84.241,1.4678435360979887,81.1,83.175,84.4,85.2,87.6,-0.020376059361502476
CHOLSCREEN_crude_prevalence,Chronic Disease (PLACES),100,0.0,86.56300000000003,1.9695487356808987,78.1,85.5,86.55,87.9,90.8,-0.9735711918704857
COGNITION_age-adjusted_prevalence,Chronic Disease (PLACES),100,0.0,15.147,2.011906729167306,10.3,13.95,15.149999999999999,16.5,20.3,-0.06842152204104171
COGNITION_crude_prevalence,Chronic Disease (PLACES),100,0.0,14.455,1.9312096486582464,10.2,13.174999999999999,14.55,15.850000000000001,20.0,-0.009765637908124188
COLON_SCREEN_age-adjusted_prevalence,Chronic Disease (PLACES),0,100.0,,,,,,,,
COLON_SCREEN_crude_prevalence,Chronic Disease (PLACES),0,100.0,,,,,,,,
COPD_age-adjusted_prevalence,Chronic Disease (PLACES),100,0.0,7.188000000000001,1.0417816906190522,4.5,6.5,7.3,8.0,9.7,-0.2592231594483913
COPD_crude_prevalence,Chronic Disease (PLACES),100,0.0,8.731,1.6132466167528903,4.7,7.675,9.0,9.925,12.3,-0.4683825211288564
COREM_age-adjusted_prevalence,Chronic Disease (PLACES),0,100.0,,,,,,,,
COREM_crude_prevalence,Chronic Disease (PLACES),0,100.0,,,,,,,,
COREW_age-adjusted_prevalence,Chronic Disease (PLACES),0,100.0,,,,,,,,
COREW_crude_prevalence,Chronic Disease (PLACES),0,100.0,,,,,,,,
CSMOKING_age-adjusted_prevalence,Chronic Disease (PLACES),100,0.0,18.343999999999998,2.9568383333034847,10.5,16.475,18.45,20.2,26.5,-0.11912970769660909
CSMOKING_crude_prevalence,Chronic Disease (PLACES),100,0.0,17.479,2.811027886339404,10.6,15.875,17.5,19.25,25.6,-0.06410628940455441
DENTAL_age-adjusted_prevalence,Chronic Disease (PLACES),0,100.0,,,,,,,,
DENTAL_crude_prevalence,Chronic Disease (PLACES),0,100.0,,,,,,,,
DEPRESSION_age-adjusted_prevalence,Chronic Disease (PLACES),100,0.0,23.554000000000002,1.5390814524162513,18.6,22.7,23.5,24.625,27.0,-0.403575017763945
DEPRESSION_crude_prevalence,Chronic Disease (PLACES),100,0.0,22.534000000000002,1.3720308622143624,18.7,21.6,22.5,23.5,25.7,-0.07937904537969512
DIABETES_age-adjusted_prevalence,Chronic Disease (PLACES),100,0.0,11.207,1.9401788421158344,8.0,9.7,10.7,12.525,16.0,0.6615279999105229
DIABETES_crude_prevalence,Chronic Disease (PLACES),100,0.0,13.866,2.66462876676029,8.7,12.1,13.3,15.75,20.7,0.5393241231341365
DISABILITY_age-adjusted_prevalence,Chronic Disease (PLACES),100,0.0,31.825,3.680095930897191,22.9,29.8,31.7,34.175,42.0,0.04108677680111098
DISABILITY_crude_prevalence,Chronic Disease (PLACES),100,0.0,34.411,4.2677767258630315,22.8,31.675,34.2,37.4,43.4,-0.2212367483385135
EMOTIONSPT_age-adjusted_prevalence,Chronic Disease (PLACES),0,100.0,,,,,,,,
EMOTIONSPT_crude_prevalence,Chronic Disease (PLACES),0,100.0,,,,,,,,
FOODINSECU_age-adjusted_prevalence,Chronic Disease (PLACES),0,100.0,,,,,,,,
FOODINSECU_crude_prevalence,Chronic Disease (PLACES),0,100.0,,,,,,,,
FOODSTAMP_age-adjusted_prevalence,Chronic Disease (PLACES),0,100.0,,,,,,,,
FOODSTAMP_crude_prevalence,Chronic Disease (PLACES),0,100.0,,,,,,,,
GHLTH_age-adjusted_prevalence,Chronic Disease (PLACES),100,0.0,16.766,3.1998491126042716,10.8,14.45,16.2,18.95,26.0,0.4393610489372856
GHLTH_crude_prevalence,Chronic Disease (PLACES),100,0.0,18.4,3.6104226227896805,10.9,15.875,18.05,20.85,27.0,0.30108576852364166
HEARING_age-adjusted_prevalence,Chronic Disease (PLACES),100,0.0,7.426,0.6625051934235167,5.9,7.0,7.45,7.825,9.9,0.32309140647682916
HEARING_crude_prevalence,Chronic Disease (PLACES),100,0.0,9.107,1.4540959216966909,5.6,8.174999999999999,9.2,10.2,12.7,-0.3798129541893951
HIGHCHOL_age-adjusted_prevalence,Chronic Disease (PLACES),100,0.0,31.342999999999996,0.9130097856468289,28.5,30.8,31.4,31.9,33.8,-0.28151253835477263
HIGHCHOL_crude_prevalence,Chronic Disease (PLACES),100,0.0,37.725,2.8086221863858065,28.2,36.775,38.1,39.475,43.2,-0.8161685627309478
HOUSINSECU_age-adjusted_prevalence,Chronic Disease (PLACES),0,100.0,,,,,,,,
HOUSINSECU_crude_prevalence,Chronic Disease (PLACES),0,100.0,,,,,,,,
INDEPLIVE_age-adjusted_prevalence,Chronic Disease (PLACES),100,0.0,8.682000000000002,1.6235874979921359,5.5,7.7,8.5,9.9,13.5,0.43839073162305864
INDEPLIVE_crude_prevalence,Chronic Disease (PLACES),100,0.0,9.054,1.7341152082706488,5.4,7.8,8.850000000000001,10.5,13.7,0.36667818495593735
ISOLATION_age-adjusted_prevalence,Chronic Disease (PLACES),0,100.0,,,,,,,,
ISOLATION_crude_prevalence,Chronic Disease (PLACES),0,100.0,,,,,,,,
KIDNEY_age-adjusted_prevalence,Chronic Disease (PLACES),100,0.0,3.075,0.3285643703363854,2.5,2.8,3.0,3.3,4.1,0.6898916860450729
KIDNEY_crude_prevalence,Chronic Disease (PLACES),100,0.0,3.7879999999999994,0.5827971561808837,2.4,3.4,3.75,4.2,5.2,0.03179877542266318
LACKTRPT_age-adjusted_prevalence,Chronic Disease (PLACES),0,100.0,,,,,,,,
LACKTRPT_crude_prevalence,Chronic Disease (PLACES),0,100.0,,,,,,,,
LONELINESS_age-adjusted_prevalence,Chronic Disease (PLACES),0,100.0,,,,,,,,
LONELINESS_crude_prevalence,Chronic Disease (PLACES),0,100.0,,,,,,,,
LPA_age-adjusted_prevalence,Chronic Disease (PLACES),100,0.0,24.371,3.6633399509135915,15.5,21.95,24.25,26.725,31.9,0.08312822657348976
LPA_crude_prevalence,Chronic Disease (PLACES),100,0.0,25.743000000000002,3.991360746169232,15.5,23.2,25.55,28.5,33.9,0.028059813021850892
MAMMOUSE_age-adjusted_prevalence,Chronic Disease (PLACES),0,100.0,,,,,,,,
MAMMOUSE_crude_prevalence,Chronic Disease (PLACES),0,100.0,,,,,,,,
MHLTH_age-adjusted_prevalence,Chronic Disease (PLACES),100,0.0,16.72,1.245841567825224,12.4,16.0,16.8,17.6,19.3,-0.6846450187133709
MHLTH_crude_prevalence,Chronic Disease (PLACES),100,0.0,15.434000000000001,1.2705856440192764,12.3,14.6,15.5,16.2,18.7,-0.28316291845474
MOBILITY_age-adjusted_prevalence,Chronic Disease (PLACES),100,0.0,14.581,2.439104612994554,9.7,12.975,14.350000000000001,16.25,21.6,0.3923898659257585
MOBILITY_crude_prevalence,Chronic Disease (PLACES),100,0.0,17.654,3.431359244180979,9.8,15.4,17.5,19.974999999999998,25.1,0.04231766115738955
OBESITY_age-adjusted_prevalence,Chronic Disease (PLACES),100,0.0,37.532,3.780195067384056,27.9,34.9,37.4,40.125,45.7,0.028917254845099494
OBESITY_crude_prevalence,Chronic Disease (PLACES),100,0.0,37.425,3.800860482054084,26.5,34.8,37.3,39.925,45.3,-0.09526331176951242
PHLTH_age-adjusted_prevalence,Chronic Disease (PLACES),100,0.0,11.889,1.4969258060060522,8.3,11.075,11.850000000000001,12.875,16.3,0.024526629096839715
PHLTH_crude_prevalence,Chronic Disease (PLACES),100,0.0,13.088,1.8322740741571066,8.4,11.9,13.149999999999999,14.4,17.1,-0.2490137015053139
SELFCARE_age-adjusted_prevalence,Chronic Disease (PLACES),100,0.0,4.322,1.0110080977605342,2.6,3.7,4.1,4.95,6.9,0.5866809489051361
SELFCARE_crude_prevalence,Chronic Disease (PLACES),100,0.0,4.9270000000000005,1.2091281607385171,2.7,4.074999999999999,4.7,5.625,7.9,0.518124959591182
SHUTUTILITY_age-adjusted_prevalence,Chronic Disease (PLACES),0,100.0,,,,,,,,
SHUTUTILITY_crude_prevalence,Chronic Disease (PLACES),0,100.0,,,,,,,,
SLEEP_age-adjusted_prevalence,Chronic Disease (PLACES),0,100.0,,,,,,,,
SLEEP_crude_prevalence,Chronic Disease (PLACES),0,100.0,,,,,,,,
STROKE_age-adjusted_prevalence,Chronic Disease (PLACES),100,0.0,3.313,0.5300381156486805,2.4,2.9,3.2,3.625,4.8,0.671278462425621
STROKE_crude_prevalence,Chronic Disease (PLACES),100,0.0,4.1530000000000005,0.8418900093710507,2.4,3.6,4.1,4.7,6.3,0.2687229795665904
TEETHLOST_age-adjusted_prevalence,Chronic Disease (PLACES),0,100.0,,,,,,,,
TEETHLOST_crude_prevalence,Chronic Disease (PLACES),0,100.0,,,,,,,,
VISION_age-adjusted_prevalence,Chronic Disease (PLACES),100,0.0,5.763000000000001,1.3912900052785109,3.5,4.775,5.4,6.625,9.7,0.6643298474241341
VISION_crude_prevalence,Chronic Disease (PLACES),100,0.0,6.331999999999999,1.5721618648513673,3.6,5.175,6.05,7.25,10.2,0.6266190799522008
EP_AGE17,Demographics (SVI),100,0.0,20.373,2.845547824978948,12.1,18.349999999999998,20.3,22.225,27.1,-0.24676002428734206
EP_AGE65,Demographics (SVI),100,0.0,20.535,4.929613155064589,9.6,17.05,20.4,23.45,32.7,0.33897361078222177
EP_DISABL,Demographics (SVI),100,0.0,16.562,3.345003208465795,8.1,14.8,16.95,18.85,23.6,-0.4188043691336234
EP_MINRTY,Demographics (SVI),100,0.0,33.413,17.73671450450002,7.2,17.325,32.9,46.449999999999996,75.7,0.2918012390576147
EP_MOBILE,Demographics (SVI),100,0.0,18.705,8.51161268532882,1.3,13.575,18.5,23.45,41.8,0.19737638768138502
EP_NOINT,Demographics (SVI),100,0.0,17.687,6.6227440222190666,5.8,13.075,18.4,21.45,36.5,0.42436657412495365
EP_NOVEH,Demographics (SVI),100,0.0,5.751000000000001,2.5634767662908766,1.3,4.1,5.2,7.0,18.2,1.4981686662614613
EP_POV150,Demographics (SVI),100,0.0,25.93,6.711448081713465,12.8,21.2,25.200000000000003,30.0,41.9,0.16624251077843746
EP_UNEMP,Demographics (SVI),100,0.0,5.7010000000000005,1.8184517223909649,1.7,4.6,5.3,6.4,12.7,1.1522430984501926
EP_UNINSUR,Demographics (SVI),100,0.0,11.231,2.626427269508943,3.7,9.875,10.95,12.3,24.0,1.2375659356861215
E_TOTPOP,Demographics (SVI),100,0.0,104702.14,172146.85344316997,3389.0,22610.25,51719.5,116721.75,1132103.0,4.512649923880423
RPL_THEME1,Demographics (SVI),100,0.0,0.49979799999999996,0.2930946794247052,0.0,0.249975,0.5,0.750025,1.0,0.0005880606661183961
RPL_THEME2,Demographics (SVI),100,0.0,0.49888900000000014,0.2933632880349324,0.0,0.2424,0.49495,0.750025,1.0,0.005993473640938104
RPL_THEME3,Demographics (SVI),100,0.0,0.4991920000000001,0.29348717889846193,0.0,0.249975,0.5,0.750025,1.0,-0.0014232707048931071
RPL_THEME4,Demographics (SVI),100,0.0,0.49888899999999997,0.2930960513762054,0.0,0.249975,0.5,0.7475,1.0,0.008735245224405837
ChildPovertyRate,Economic,100,0.0,22.961,7.063934506142501,9.4,17.975,22.049999999999997,27.95,40.2,0.24655951414400698
MedianHouseholdIncome,Economic,100,0.0,55007.88,11698.216241717359,38613.0,45555.5,52680.0,60516.75,91558.0,1.002057076865551
PovertyRate,Economic,100,0.0,15.931,4.553158410944157,7.7,12.6,15.05,18.875,27.9,0.4383683605061205
UnemploymentRate,Economic,100,0.0,5.2,1.042336148497521,3.7,4.5,4.9,5.625,8.2,1.149634909537381
chr_air_pollution,Health Outcomes (CHR),100,0.0,7.558,1.1177339991828523,3.8,6.6,7.75,8.3,10.2,-0.13890163894003396
chr_broadband,Health Outcomes (CHR),100,0.0,0.8018406798229999,0.07153055749750871,0.5857780181,0.7568283236000001,0.8014166136,0.8537020550500001,0.9368935719,-0.40846151504003453
chr_child_mort,Health Outcomes (CHR),78,22.0,62.52472777341027,18.336337006708217,29.61617438,46.94881963775,60.105660179500006,72.584707627,116.61189441,0.7099636452538692
chr_dentist_rate,Health Outcomes (CHR),97,3.0,0.00045116068762886616,0.0002932880251415052,0.0,0.0002794857,0.0004075781,0.0005666654,0.0023709734,3.1597751655718116
chr_disconnected_youth,Health Outcomes (CHR),53,47.0,0.09329855018490568,0.03715839954021755,0.0259938838,0.0705253552,0.0835842294,0.1169656203,0.1790341578,0.6515793019867703
chr_drug_overdose,Health Outcomes (CHR),90,10.0,26.791091445622214,8.831163011946913,11.577063166,20.72578020725,25.773649296499997,31.5524892855,62.97394453,0.9432790270638032
chr_excessive_drink,Health Outcomes (CHR),100,0.0,0.17258532958799996,0.015477739718285644,0.1409588993,0.16202832425,0.17447933775,0.1849807263,0.2075149874,-0.1797970636967808
chr_flu_vax,Health Outcomes (CHR),100,0.0,0.5152,0.0646432322424202,0.34,0.48,0.53,0.55,0.66,-0.6154550284108908
chr_food_env_index,Health Outcomes (CHR),100,0.0,7.263,0.6792234127622843,4.3,7.0,7.35,7.625,8.7,-1.1796744794045653
chr_food_insecurity,Health Outcomes (CHR),100,0.0,0.14244,0.02126614419420899,0.085,0.13,0.1415,0.15525,0.204,-0.021953096300039117
chr_homicides,Health Outcomes (CHR),75,25.0,7.8243879183519995,4.7537215560435415,2.3563524161,4.13540890795,6.8848811633,9.6818236581,25.451521861,1.560345412366632
chr_income_inequality,Health Outcomes (CHR),100,0.0,4.676660859610999,0.6076636185600741,3.020986448,4.33241500105,4.564873696699999,5.00692584,6.2649521531,0.5087833777620719
chr_infant_mort,Health Outcomes (CHR),62,38.0,7.728983085127419,2.0102617745278493,4.6431335199,6.1323748346,7.35585987705,8.477696851600001,14.944769331,0.9395035063024039
chr_injury_deaths,Health Outcomes (CHR),100,0.0,95.42181817827,17.429960461140826,47.678133554,84.82890182874999,95.562118655,106.3240511425,130.64031986,-0.3678580209975628
chr_insuff_sleep,Health Outcomes (CHR),100,0.0,0.3428900000000001,0.028610902421519972,0.283,0.32375,0.3395,0.36324999999999996,0.418,0.3961424239913707
chr_life_expectancy,Health Outcomes (CHR),100,0.0,76.52615511863,2.1702906171854965,70.612572772,75.2671962245,76.31951850749999,77.919972947,82.125480066,0.11848894868623207
chr_mammography,Health Outcomes (CHR),100,0.0,0.4131000000000001,0.0537990086649683,0.25,0.38,0.41,0.44,0.54,-0.06452496497503375
chr_mhp_rate,Health Outcomes (CHR),99,1.0,0.0020497175646464645,0.0014725362133118458,0.0002218279,0.00099701715,0.0016908504,0.0024879421,0.007534968,1.7125216585015894
chr_mvcrash_deaths,Health Outcomes (CHR),97,3.0,18.75365141698247,6.611591072126388,6.3020162513,13.58871593,17.992263327,22.035567999,39.571605458,0.6773429993753579
chr_obesity,Health Outcomes (CHR),100,0.0,0.3520800000000001,0.03897102782967123,0.272,0.322,0.3455,0.384,0.442,0.20843598937782304
chr_other_pcp_rate,Health Outcomes (CHR),99,1.0,0.0011373698969696971,0.0006007040470348933,0.0,0.0007354875999999999,0.0010149596,0.0014876870000000001,0.0029855547,1.0097633990399473
chr_pcp_rate,Health Outcomes (CHR),98,2.0,0.0005235531969387756,0.0003083735849261176,5.12243e-05,0.00031567605,0.00046466300000000003,0.000662062075,0.0018916399,1.4460178107901995
chr_pct_black,Health Outcomes (CHR),100,0.0,0.20038642079400001,0.16148328540282328,0.0060922541,0.052893458475,0.18364817135,0.3149529563,0.6045129963,0.6712223522832104
chr_pct_hispanic,Health Outcomes (CHR),100,0.0,0.08153139473099999,0.042139243020604455,0.0240208374,0.050510179125,0.07261081715,0.104826201775,0.2351643821,1.206758974954724
chr_pct_rural,Health Outcomes (CHR),100,0.0,0.6120366606409999,0.28168594626791554,0.010654308,0.4231909937,0.6227906192,0.8488949031999999,1.0,-0.2564602430473731
chr_phys_inactivity,Health Outcomes (CHR),100,0.0,0.24012000000000003,0.03354787924772894,0.162,0.21675,0.2365,0.26025,0.307,0.06140876105864834
chr_poor_health_pct,Health Outcomes (CHR),100,0.0,0.1509,0.02887118727287561,0.096,0.13175,0.1465,0.167,0.229,0.4510335027948979
chr_population,Health Outcomes (CHR),98,2.0,2908.776989680306,2904.3140253146466,528.64184397,1510.63864145,2152.0978261,3167.9166666749998,19522.0,4.137015876569783
chr_premature_mort,Health Outcomes (CHR),100,0.0,439.9434318255,87.35951251896105,232.31068264,388.3132654225,450.42212533,481.303533775,712.51910255,0.12518621117138423
chr_preventable_hosp,Health Outcomes (CHR),100,0.0,3221.74,967.3949567907839,1460.0,2513.75,3170.5,3990.5,6167.0,0.26163877115366646
chr_severe_housing,Health Outcomes (CHR),100,0.0,0.144340296372,0.027282381586957005,0.0921273032,0.124292089625,0.14223748895,0.16013790614999998,0.2281407035,0.7141472068524132
chr_single_parent,Health Outcomes (CHR),100,0.0,0.287212806059,0.09469032635717375,0.1380753138,0.216700373675,0.2708696447,0.344091781325,0.5568783069,0.7884111482166097
chr_smoking,Health Outcomes (CHR),100,0.0,0.20169000000000004,0.028365114083495187,0.115,0.1865,0.20350000000000001,0.22075,0.273,-0.4582896651102436
chr_social_assoc,Health Outcomes (CHR),100,0.0,11.908828663479001,3.1999608828746964,5.1943399606,9.7379849498,11.5722513825,13.83078937025,24.583155195,0.8358141427956338
chr_suicides,Health Outcomes (CHR),92,8.0,15.79817207207391,4.709241466427997,6.3720020566,12.38156916925,15.4820850145,17.764740093999997,31.191366968,0.6660832806190345
chr_uninsured_pct,Health Outcomes (CHR),100,0.0,0.14028979341199999,0.024789347716064725,0.0868713704,0.124583018725,0.13527180584999998,0.15013347285,0.2419649856,1.327196737478034
chr_water_violations,Health Outcomes (CHR),100,0.0,0.18,0.38612291966536916,0.0,0.0,0.0,0.0,1.0,1.6913298621479584
chr_ypll_rate,Health Outcomes (CHR),100,0.0,9360.180526353,2080.757231007428,4808.9043976,7839.02703775,9569.80388525,10417.049266,14943.497044,0.20473610797569552
AHRF_dentists,Infrastructure (AHRF),100,0.0,58.31,134.2847641349825,0.0,7.0,14.5,48.5,918.0,4.984625084288136
AHRF_hosp_admissions,Infrastructure (AHRF),100,0.0,10494.4,21182.352208163924,0.0,587.0,3038.0,9556.5,128055.0,3.493218446132093
AHRF_hosp_beds,Infrastructure (AHRF),100,0.0,253.64,484.30336348077117,0.0,20.5,84.5,225.5,2704.0,3.301661877660116
AHRF_hosp_ft_staff,Infrastructure (AHRF),100,0.0,1584.53,3294.5917220882657,0.0,123.25,413.0,1097.25,17615.0,3.192130587380834
AHRF_hosp_pt_staff,Infrastructure (AHRF),100,0.0,439.21,1033.4139489081708,0.0,52.0,159.5,317.0,7452.0,5.0566474956820935
AHRF_hpsa_dental,Infrastructure (AHRF),100,0.0,1.87,0.46395314984653924,0.0,2.0,2.0,2.0,2.0,-3.5575422853154977
AHRF_hpsa_mental,Infrastructure (AHRF),100,0.0,1.69,0.5630903187506485,0.0,1.0,2.0,2.0,2.0,-1.664263446100794
AHRF_hpsa_prim_care,Infrastructure (AHRF),100,0.0,1.82,0.5001009999000303,0.0,2.0,2.0,2.0,2.0,-2.805671097470676
AHRF_md_active,Infrastructure (AHRF),100,0.0,293.42,741.4960604593713,0.0,15.75,53.5,138.25,3934.0,3.747582712178312
AHRF_md_gp,Infrastructure (AHRF),100,0.0,33.51,64.89097227525785,0.0,5.75,12.0,24.25,381.0,3.628688133887688
AHRF_md_med_spec,Infrastructure (AHRF),100,0.0,104.68,268.80393064706686,0.0,4.0,16.0,47.5,1442.0,3.8075499413126725
AHRF_md_obgyn,Infrastructure (AHRF),100,0.0,12.92,31.818830585016478,0.0,0.0,3.5,7.0,215.0,4.318788457195791
AHRF_md_pcp,Infrastructure (AHRF),100,0.0,69.19,153.6097439433561,0.0,9.0,20.5,48.75,982.0,4.43397162344645
AHRF_md_pcp_office,Infrastructure (AHRF),100,0.0,186.36,438.8411396605676,0.0,11.0,45.0,108.25,2737.0,3.9996457882214846
AHRF_md_psych,Infrastructure (AHRF),100,0.0,11.78,32.393595825487644,0.0,0.0,1.0,4.0,175.0,3.907849760557526
AHRF_md_surg_spec,Infrastructure (AHRF),100,0.0,56.47,143.21294838756234,0.0,1.0,11.0,31.0,856.0,3.8732843667397288
AHRF_md_total,Infrastructure (AHRF),100,0.0,343.23,834.7154944450634,0.0,19.75,78.5,186.25,4452.0,3.6821887552207215
AHRF_np,Infrastructure (AHRF),100,0.0,104.63,213.86069547887257,0.0,15.0,34.5,82.5,1429.0,4.119985167422425
AHRF_pa,Infrastructure (AHRF),100,0.0,80.14,178.47462655299864,0.0,7.0,22.0,72.5,1156.0,4.159541542715342
AHRF_pop_65plus,Infrastructure (AHRF),100,0.0,17933.14,22646.648354610305,702.0,5423.25,10714.5,20096.25,144469.0,3.5911684849492227
AHRF_population,Infrastructure (AHRF),100,0.0,105511.62,173986.13187006218,3254.0,22550.5,51603.0,116453.25,1150204.0,4.519470107434743
AHRF_stgh_admissions,Infrastructure (AHRF),100,0.0,9999.26,19866.967119255416,0.0,587.0,3038.0,8650.25,123565.0,3.4655696334936588
AHRF_stgh_beds,Infrastructure (AHRF),100,0.0,221.79,420.1207689522746,0.0,20.5,82.0,179.0,2466.0,3.2440169740664744
AHRF_stgh_outpatient,Infrastructure (AHRF),100,0.0,0.61,0.7640270765734509,0.0,0.0,0.5,1.0,4.0,1.9076977403881092
MA_Enrollment_Annual,Insurance/Enrollment,100,0.0,9204.55,12059.369810640934,265.0,2492.0,5105.5,10764.25,65945.0,3.1983647839467095
Medicaid_Enrollment,Insurance/Enrollment,100,0.0,26246.9,36761.91279151439,1022.0,6692.75,16121.5,28747.0,254158.0,3.8193439346753553
