county,ACCESS2_age-adjusted_prevalence,ACCESS2_crude_prevalence,BINGE_age-adjusted_prevalence,BINGE_crude_prevalence,BPMED_age-adjusted_prevalence,BPMED_crude_prevalence,CANCER_age-adjusted_prevalence,CANCER_crude_prevalence,CASTHMA_age-adjusted_prevalence,CASTHMA_crude_prevalence,CHD_age-adjusted_prevalence,CHD_crude_prevalence,CHECKUP_age-adjusted_prevalence,CHECKUP_crude_prevalence,CHOLSCREEN_age-adjusted_prevalence,CHOLSCREEN_crude_prevalence,COGNITION_age-adjusted_prevalence,COGNITION_crude_prevalence,COLON_SCREEN_age-adjusted_prevalence,COLON_SCREEN_crude_prevalence,CSMOKING_age-adjusted_prevalence,CSMOKING_crude_prevalence,DENTAL_age-adjusted_prevalence,DENTAL_crude_prevalence,DIABETES_age-adjusted_prevalence,DIABETES_crude_prevalence,DISABILITY_age-adjusted_prevalence,DISABILITY_crude_prevalence,EMOTIONSPT_age-adjusted_prevalence,EMOTIONSPT_crude_prevalence,FOODINSECU_age-adjusted_prevalence,FOODINSECU_crude_prevalence,FOODSTAMP_age-adjusted_prevalence,FOODSTAMP_crude_prevalence,GHLTH_age-adjusted_prevalence,GHLTH_crude_prevalence,HEARING_age-adjusted_prevalence,HEARING_crude_prevalence,HOUSINSECU_age-adjusted_prevalence,HOUSINSECU_crude_prevalence,INDEPLIVE_age-adjusted_prevalence,INDEPLIVE_crude_prevalence,ISOLATION_age-adjusted_prevalence,ISOLATION_crude_prevalence,LACKTRPT_age-adjusted_prevalence,LACKTRPT_crude_prevalence,LPA_age-adjusted_prevalence,LPA_crude_prevalence,MAMMOUSE_age-adjusted_prevalence,MAMMOUSE_crude_prevalence,MHLTH_age-adjusted_prevalence,MHLTH_crude_prevalence,MOBILITY_age-adjusted_prevalence,MOBILITY_crude_prevalence,OBESITY_age-adjusted_prevalence,OBESITY_crude_prevalence,PHLTH_age-adjusted_prevalence,PHLTH_crude_prevalence,SELFCARE_age-adjusted_prevalence,SELFCARE_crude_prevalence,SHUTUTILITY_age-adjusted_prevalence,SHUTUTILITY_crude_prevalence,SLEEP_age-adjusted_prevalence,SLEEP_crude_prevalence,STROKE_age-adjusted_prevalence,STROKE_crude_prevalence,VISION_age-adjusted_prevalence,VISION_crude_prevalence
Alamance,13.2,10.5,18.2,16.9,62.0,79.3,6.5,7.6,10.3,10.2,6.3,7.4,75.9,77.5,84.8,85.7,16.5,15.9,60.8,66.2,17.3,16.4,59.0,60.1,11.3,12.7,32.8,34.0,23.3,23.1,15.8,15.6,15.4,15.0,19.7,20.3,7.5,8.4,15.3,14.4,9.0,9.1,32.2,31.7,9.5,9.3,25.8,26.2,79.1,79.5,17.8,16.9,14.1,15.7,38.0,37.3,13.6,14.1,4.3,4.5,9.3,8.7,36.7,35.5,3.7,4.2,6.1,6.4
Alexander,11.5,8.7,19.3,17.0,60.0,80.2,7.3,9.5,10.1,10.1,6.2,8.2,74.2,77.2,83.4,86.0,16.1,15.3,60.4,65.2,16.2,15.9,61.9,62.8,9.7,12.1,31.7,34.1,22.7,21.7,13.9,13.0,13.5,12.5,17.3,19.0,7.5,9.2,13.3,11.9,8.3,8.7,31.3,29.6,8.6,7.9,22.7,24.3,76.5,76.8,17.6,16.2,12.5,15.5,33.8,33.9,12.9,14.2,3.6,4.2,8.2,7.4,34.3,33.1,3.2,4.1,5.2,5.7
Alleghany,15.1,9.0,18.2,14.2,61.1,83.6,7.1,11.0,10.6,10.2,7.1,11.1,74.4,79.8,81.2,86.5,18.9,16.6,57.7,65.3,19.6,18.0,55.4,57.8,11.1,15.7,36.7,40.5,22.6,21.0,18.2,16.2,19.9,17.8,21.1,23.6,9.1,12.8,15.4,12.6,10.2,10.6,32.4,29.4,10.5,9.0,27.2,29.7,75.2,76.5,19.7,16.4,15.2,20.8,36.6,36.2,15.2,17.2,4.7,5.7,9.8,8.0,35.1,32.6,3.8,5.6,6.4,7.4
Anson,15.6,10.8,15.7,14.2,64.7,81.0,5.9,7.3,10.9,10.9,6.9,8.6,77.8,79.7,83.4,85.2,18.1,17.5,57.3,63.2,20.1,19.4,52.7,53.4,13.9,16.4,37.9,40.1,27.3,26.5,24.3,23.1,26.6,25.2,23.4,24.8,7.7,9.1,21.8,19.8,10.7,11.1,32.9,31.8,13.4,12.5,29.0,30.3,77.1,77.5,18.9,17.8,17.1,19.9,43.1,42.7,15.1,16.1,5.8,6.3,14.6,13.1,41.0,39.7,4.5,5.5,7.8,8.4
Ashe,12.1,8.4,19.2,15.3,59.3,82.2,7.4,11.1,10.2,9.9,6.3,9.5,73.3,78.4,82.8,87.8,16.8,15.0,59.6,67.6,17.4,16.2,61.2,63.3,9.6,13.4,32.2,35.7,21.3,20.4,13.0,12.0,13.0,12.0,17.8,19.8,7.8,10.8,12.3,10.1,8.6,8.9,31.9,29.4,8.3,7.3,24.1,26.0,72.7,73.8,18.1,15.4,12.7,17.1,33.9,33.8,13.3,15.0,3.7,4.5,7.8,6.4,33.9,32.0,3.2,4.6,5.2,5.9
Avery,13.1,8.0,19.9,17.2,60.1,79.8,7.5,10.0,9.9,9.8,6.7,8.9,74.4,77.7,83.5,86.3,15.9,14.9,59.7,66.1,17.0,15.8,60.9,62.6,10.1,12.5,32.5,34.9,21.8,21.0,13.9,13.1,14.1,13.2,17.4,18.6,8.2,10.2,12.6,11.2,8.1,8.3,31.3,29.9,8.4,7.8,22.6,23.7,73.4,75.2,17.7,16.1,12.6,15.4,33.1,32.6,13.2,14.2,3.8,4.2,7.9,7.0,33.8,32.1,3.3,4.3,5.1,5.5
Beaufort,11.0,8.9,17.1,13.9,62.8,83.2,6.7,9.7,10.8,10.7,6.5,9.6,76.6,80.5,84.8,88.4,17.0,16.0,61.2,68.5,17.1,17.1,59.0,59.5,11.5,15.7,34.0,38.4,22.6,22.0,16.7,16.0,17.1,16.4,19.9,22.9,7.5,10.3,15.9,13.8,9.4,10.1,30.6,28.8,9.8,8.9,26.1,29.0,77.1,77.8,18.2,16.2,14.8,19.9,38.3,38.4,14.0,16.2,4.5,5.6,10.1,8.8,35.4,33.8,3.7,5.3,6.3,7.3
Bertie,14.2,10.6,15.1,12.7,65.6,82.8,5.5,7.7,11.3,11.1,7.1,9.9,78.3,81.5,81.8,85.1,18.3,17.3,55.9,63.9,21.0,19.6,50.9,52.2,14.9,19.0,38.6,42.1,29.2,28.0,28.2,26.8,31.4,29.8,25.4,27.6,7.5,9.8,24.8,22.1,11.3,12.1,33.5,31.8,15.2,14.1,29.9,32.1,77.9,78.7,18.5,16.7,18.7,23.5,43.5,43.2,15.7,17.3,6.6,7.5,16.7,14.6,43.8,42.0,5.0,6.6,8.6,9.6
Bladen,13.2,8.8,16.3,13.6,64.1,83.0,6.3,8.7,10.6,10.6,6.7,9.5,77.4,80.7,83.7,87.0,16.7,16.0,58.2,64.3,17.7,17.4,56.4,56.9,12.7,16.8,34.5,38.5,26.2,25.5,22.8,22.0,25.2,24.2,20.9,23.7,7.6,10.0,20.2,17.9,9.7,10.5,33.1,31.4,12.9,11.9,28.2,30.9,77.5,78.1,18.0,16.3,15.8,20.6,38.6,38.6,14.2,16.1,5.1,6.1,13.2,11.7,38.2,36.7,4.1,5.6,6.8,7.9
Brunswick,9.7,5.4,19.2,14.2,61.1,85.2,7.2,11.7,10.0,9.8,5.8,9.9,76.0,81.8,86.0,90.8,14.1,12.6,65.3,75.2,13.9,13.5,65.8,67.0,9.2,14.2,29.1,34.5,21.2,18.8,12.3,9.9,11.4,8.9,14.8,18.0,7.1,10.8,12.5,9.0,7.1,7.7,29.1,25.4,7.6,5.9,19.8,23.2,79.0,79.4,16.9,13.9,11.3,17.0,30.9,31.1,11.6,14.1,3.1,4.0,7.7,5.6,36.3,33.9,3.0,4.8,4.3,5.3
Buncombe,8.2,6.5,19.2,17.2,60.1,79.7,7.4,9.4,9.5,9.4,5.3,6.9,76.7,79.1,84.9,86.9,12.8,12.0,60.7,66.3,11.1,10.8,68.9,69.5,8.0,9.9,25.9,27.7,19.5,19.0,10.8,10.5,10.5,10.3,13.3,14.3,6.6,8.1,11.3,10.4,6.6,6.7,31.0,29.7,7.2,6.7,18.4,19.5,74.9,76.4,15.4,14.0,9.9,12.0,26.2,26.3,10.5,11.3,2.7,3.1,7.0,6.4,27.7,26.9,2.7,3.4,4.0,4.3
Burke,12.7,9.0,17.9,15.5,61.0,80.5,7.3,9.7,10.2,10.1,6.4,8.6,74.8,78.0,81.1,84.6,16.3,15.3,58.6,64.9,17.3,16.5,60.4,61.9,10.4,13.0,32.9,35.3,22.0,21.7,14.7,14.6,14.8,14.7,18.4,19.8,7.8,9.7,13.1,12.2,8.5,8.7,30.4,29.3,9.0,8.7,24.4,25.6,76.1,76.9,17.6,16.0,13.2,16.2,32.0,31.9,13.6,14.8,4.0,4.5,8.3,7.6,35.2,33.7,3.3,4.3,5.5,6.0
Cabarrus,10.5,8.6,18.1,17.5,60.5,77.4,6.8,7.2,9.6,9.7,5.4,5.8,76.9,77.7,86.7,87.6,13.2,13.0,61.4,63.9,12.2,12.5,66.3,66.4,9.9,10.8,27.7,28.2,20.9,20.5,11.7,11.6,10.5,10.4,15.3,15.9,6.4,6.6,11.8,11.6,6.9,7.0,28.5,27.9,7.3,7.1,21.4,22.0,78.6,78.7,15.4,15.0,11.4,12.2,34.6,35.1,11.0,11.5,3.1,3.3,7.2,7.1,34.3,34.2,3.0,3.2,4.7,4.9
Caldwell,15.0,9.3,18.2,16.0,60.4,80.7,7.4,9.7,10.4,10.2,6.6,8.6,74.2,77.6,83.3,86.1,17.3,15.9,59.7,65.2,18.4,17.2,59.0,61.0,10.5,13.1,34.2,36.0,23.0,21.4,16.2,14.6,16.7,14.8,18.9,19.9,8.1,9.9,15.0,12.9,9.0,9.2,31.9,29.7,9.8,8.7,24.5,25.5,77.3,78.0,18.5,16.7,13.5,16.4,35.0,35.2,14.0,15.0,4.1,4.5,9.5,8.1,33.0,31.9,3.5,4.3,5.6,6.0
Camden,10.9,8.3,19.7,18.1,59.3,78.6,7.0,8.3,9.9,9.8,5.7,6.8,74.2,76.4,84.7,86.9,15.1,14.2,64.9,69.8,15.8,15.8,64.2,65.0,9.4,11.2,30.1,31.1,22.4,21.9,11.5,11.3,10.1,10.0,15.5,16.5,6.9,7.7,11.8,11.1,7.4,7.4,31.2,29.9,7.5,7.1,21.9,22.8,76.6,76.6,17.4,16.1,11.3,13.1,34.3,35.1,11.9,12.8,3.1,3.4,7.1,6.8,33.9,33.5,3.0,3.5,4.4,4.7
Carteret,11.9,6.1,19.3,15.2,59.0,82.0,7.2,10.8,10.0,9.9,6.0,9.3,75.5,79.8,85.4,89.4,13.5,13.0,65.7,73.6,13.5,13.7,67.4,67.2,9.2,13.1,28.0,33.0,20.4,19.5,11.0,10.2,10.1,9.4,15.3,18.7,7.2,10.2,10.8,9.0,7.1,8.0,30.7,28.3,7.3,6.4,20.0,23.3,78.3,78.9,16.2,14.2,11.8,16.6,31.6,31.7,11.8,14.2,3.2,4.1,6.6,5.6,33.0,31.3,3.1,4.5,4.4,5.5
Caswell,14.6,9.7,17.8,15.1,62.7,82.5,6.2,8.4,10.4,10.5,6.7,9.2,75.6,78.9,84.8,87.6,16.8,16.1,58.9,65.7,18.3,18.1,57.1,57.6,12.2,15.9,34.7,38.3,26.0,25.0,18.6,17.8,18.5,17.6,21.0,23.6,7.5,9.7,17.3,15.3,9.4,10.1,32.4,30.6,10.9,9.9,25.8,28.1,77.0,77.3,17.7,16.1,15.5,19.8,35.5,35.8,14.0,15.9,4.8,5.7,10.8,9.6,36.3,35.1,4.1,5.4,6.5,7.5
Catawba,9.8,10.2,18.6,16.9,59.8,79.7,7.2,9.0,9.9,9.8,6.0,7.5,74.8,77.4,85.7,87.6,16.0,14.9,57.7,62.7,17.0,15.7,60.3,62.2,10.1,12.0,31.8,32.9,23.2,22.4,14.8,13.9,14.2,13.2,17.9,18.5,7.4,8.6,13.9,12.6,8.1,8.1,31.4,30.2,9.1,8.5,23.3,23.6,74.4,74.5,17.3,15.9,12.3,14.2,34.1,33.8,12.9,13.6,3.7,4.0,8.4,7.6,32.3,31.0,3.2,3.8,5.2,5.5
Chatham,11.3,7.9,18.1,14.6,59.1,82.0,6.9,10.3,9.6,9.5,5.7,8.5,75.3,79.7,86.8,90.2,14.0,13.1,60.9,67.5,13.8,13.7,65.3,66.4,9.9,13.5,28.8,32.7,22.4,21.2,13.9,12.8,12.7,11.9,16.1,18.3,6.8,9.4,13.1,11.1,7.2,7.7,30.3,27.9,8.5,7.5,20.5,22.6,78.9,80.1,15.6,13.7,11.8,15.8,30.7,30.8,11.8,13.6,3.4,4.1,7.9,6.7,30.1,28.6,3.0,4.2,4.9,5.6
Cherokee,13.7,8.4,18.6,13.9,58.8,83.4,7.4,11.9,10.6,10.4,7.1,11.4,74.0,79.9,82.7,88.4,17.8,15.9,58.9,68.7,18.2,17.1,58.7,60.6,10.6,15.6,35.0,39.8,19.4,18.1,11.6,10.3,12.3,10.8,20.1,23.1,8.7,12.6,11.4,9.1,9.5,10.1,29.6,26.6,7.7,6.5,24.4,27.2,75.1,76.0,18.7,15.6,14.7,20.6,31.5,31.5,14.6,17.0,4.6,5.6,7.6,6.1,32.2,30.0,3.7,5.6,6.2,7.2
Chowan,12.5,7.9,16.8,13.6,63.9,83.7,6.5,9.6,10.8,10.6,6.7,9.8,77.1,81.2,83.1,87.2,16.5,15.2,59.5,68.4,17.7,16.2,57.7,59.5,12.2,16.3,34.8,38.5,25.9,24.6,22.3,20.6,24.0,22.1,20.7,23.0,7.8,10.5,19.4,16.4,9.6,10.2,32.8,30.6,12.4,11.0,26.0,28.2,76.0,76.9,17.8,15.5,15.4,20.2,39.4,39.0,14.2,15.9,4.9,5.8,12.7,10.6,37.8,35.8,4.1,5.7,6.6,7.5
Clay,7.9,7.4,19.1,14.1,59.6,84.7,7.4,12.4,10.5,10.0,6.2,10.3,73.6,80.5,85.4,90.3,17.1,14.3,60.1,70.1,17.9,15.3,60.9,64.7,9.6,14.3,33.2,37.0,20.8,19.1,12.5,10.5,12.3,10.2,18.3,19.9,7.8,11.6,11.6,8.8,8.8,8.8,31.0,27.5,8.1,6.5,23.7,25.4,76.6,78.5,18.3,14.6,12.8,18.1,32.7,32.5,13.5,15.3,3.8,4.5,7.3,5.6,33.1,30.5,3.2,4.9,5.3,5.9
Cleveland,12.9,10.9,17.0,15.4,62.2,80.4,6.8,8.4,10.8,10.7,6.4,8.1,75.2,77.5,82.4,84.6,18.4,17.6,56.4,61.8,20.6,19.7,55.2,56.4,11.3,13.6,36.6,38.5,25.2,24.7,20.0,19.3,21.2,20.2,20.9,22.0,7.8,9.1,17.6,16.1,10.0,10.1,32.1,31.2,11.4,10.8,27.2,28.1,75.8,76.0,19.4,18.1,14.9,17.4,37.8,37.6,14.5,15.5,4.6,5.1,11.2,10.2,36.4,35.2,3.7,4.5,6.4,6.8
Columbus,14.0,10.9,16.7,14.8,63.5,81.1,6.4,8.2,11.4,11.3,7.3,9.3,76.5,79.1,81.7,84.0,19.5,18.5,55.5,62.4,21.6,20.5,51.9,53.2,13.4,16.2,39.0,41.3,24.7,24.2,21.7,21.2,24.1,23.4,24.1,25.6,8.5,10.3,19.5,17.9,11.5,11.8,32.2,31.0,12.3,11.7,28.9,30.2,77.7,78.5,20.0,18.5,17.7,20.8,39.2,38.8,16.3,17.4,6.0,6.6,13.1,11.9,39.6,38.2,4.6,5.6,7.9,8.5
Craven,11.5,9.6,17.7,16.0,61.6,80.1,6.8,8.6,10.7,10.5,6.3,8.0,74.7,77.0,84.7,85.9,16.5,15.8,62.4,69.0,17.4,16.1,59.3,60.7,11.6,13.7,33.7,35.7,22.8,21.9,15.2,13.9,14.7,13.2,19.1,19.9,7.4,8.9,14.8,12.9,8.9,9.0,31.6,30.5,9.2,8.4,24.5,25.2,77.0,78.1,17.9,16.7,14.0,16.2,36.1,35.4,13.7,14.4,4.3,4.5,9.4,8.1,34.8,33.3,3.6,4.3,5.8,6.2
Cumberland,13.5,9.5,16.8,17.3,63.4,76.1,6.0,5.8,10.1,10.0,5.8,5.7,78.6,78.1,85.3,83.8,15.2,15.2,63.6,68.1,15.7,14.5,61.4,62.1,12.2,11.6,33.1,32.6,26.2,26.4,19.7,19.8,20.7,20.3,18.7,17.9,6.6,6.4,19.0,18.7,8.6,8.4,31.9,32.7,11.4,11.7,24.5,23.5,77.9,77.8,17.1,17.2,14.4,13.6,39.6,38.2,13.0,12.5,4.4,4.2,12.0,11.6,42.1,41.1,3.7,3.5,6.0,5.8
Currituck,9.9,6.7,20.5,18.5,58.9,79.2,7.3,8.9,9.7,9.7,5.6,7.0,75.2,77.6,86.5,88.7,13.6,13.0,62.8,68.9,13.7,14.1,67.5,67.6,9.0,11.2,27.6,29.4,20.8,20.2,10.0,9.7,8.9,8.7,14.4,15.9,6.7,7.8,10.6,9.8,6.8,7.0,29.2,27.7,6.8,6.3,19.7,21.1,81.0,81.0,16.0,14.9,10.9,13.1,33.2,34.3,11.3,12.6,2.9,3.4,6.5,6.0,31.3,31.0,2.9,3.5,4.2,4.6
Dare,8.8,5.1,22.1,18.4,58.4,80.8,7.5,10.6,9.2,9.1,5.4,7.8,74.5,78.8,84.2,88.5,12.1,11.0,62.7,69.7,11.2,11.1,71.3,72.3,8.2,11.4,25.3,28.2,20.1,19.0,9.7,9.0,8.5,7.9,12.3,14.1,6.5,8.6,10.2,8.7,5.9,6.2,29.7,27.2,6.6,5.8,17.6,19.4,79.4,79.4,15.0,13.1,9.4,12.6,29.5,30.1,10.1,11.7,2.4,3.0,6.1,5.3,28.1,27.0,2.6,3.6,3.6,4.1
Davidson,13.0,9.5,18.7,16.7,60.7,80.0,7.2,9.1,10.2,10.0,6.1,7.7,75.1,77.8,84.7,86.9,16.1,14.8,59.7,65.4,17.4,16.0,61.2,63.2,10.3,12.3,32.2,33.3,22.0,21.1,15.3,14.2,15.7,14.3,17.9,18.4,7.5,8.8,14.2,12.5,8.5,8.4,32.8,31.2,9.0,8.2,23.1,23.3,77.0,77.4,17.5,15.9,12.9,14.7,34.5,34.3,13.2,13.8,3.9,4.2,9.0,8.0,33.9,32.5,3.3,3.9,5.5,5.7
Davie,10.5,8.7,19.0,16.2,59.2,80.7,7.2,9.8,10.2,10.0,5.9,8.1,73.8,77.7,84.6,87.9,16.3,14.9,59.7,66.0,16.3,15.2,62.5,64.3,9.7,12.5,32.1,34.5,20.5,19.9,11.7,11.1,10.9,10.3,17.4,18.7,7.3,9.3,11.2,9.8,8.3,8.6,29.8,28.1,7.3,6.7,23.0,24.5,81.8,82.1,17.8,15.8,12.5,15.8,34.0,33.9,12.9,14.0,3.6,4.1,6.9,6.1,33.5,32.0,3.1,4.1,5.1,5.6
Duplin,17.4,12.8,16.6,14.4,62.3,81.0,6.3,8.2,10.5,10.5,6.6,8.6,75.3,78.0,81.9,84.6,17.6,17.0,58.0,63.7,17.9,17.6,55.6,56.4,12.6,15.3,35.5,38.1,25.2,24.1,21.9,20.3,22.8,20.9,22.6,24.2,7.7,9.3,19.7,17.3,10.1,10.6,32.6,31.1,12.0,10.9,28.4,29.9,74.9,75.4,18.1,16.9,15.9,19.2,39.4,39.1,14.8,16.0,5.2,5.9,12.4,10.9,35.4,34.2,4.0,5.1,7.4,8.1
Durham,10.0,8.3,18.6,18.6,60.9,75.2,6.3,6.3,9.5,9.5,5.0,5.1,78.0,77.8,87.6,87.0,11.7,12.0,62.6,66.6,10.6,10.7,68.2,67.7,10.2,10.3,27.5,27.9,22.8,23.0,15.1,15.3,13.5,13.6,14.2,14.4,5.7,5.8,14.6,14.6,6.1,6.2,31.6,32.0,9.2,9.3,19.1,19.3,80.3,80.5,13.9,14.1,10.8,10.9,32.5,32.2,10.1,10.2,3.0,3.1,8.9,8.8,33.7,33.4,2.9,3.0,4.5,4.6
Edgecombe,14.1,9.8,14.9,13.0,65.0,81.9,5.6,7.5,11.3,11.1,6.5,8.5,78.8,81.4,83.6,86.3,17.5,16.4,57.8,66.1,18.9,17.8,53.9,55.3,14.3,17.5,37.0,39.2,26.8,26.1,25.2,24.1,27.8,26.5,23.0,24.4,7.0,8.6,22.6,20.4,10.9,11.1,32.3,30.9,13.9,13.0,28.6,29.8,78.3,79.6,18.5,16.8,17.3,20.5,40.5,40.2,14.9,15.9,5.9,6.5,14.9,13.4,38.4,36.9,4.5,5.6,7.9,8.4
Forsyth,12.1,8.8,17.1,16.0,62.4,79.4,6.7,7.8,10.1,10.1,5.7,6.7,77.0,78.5,85.5,86.2,14.1,13.8,62.3,67.1,14.5,14.0,63.7,64.4,10.6,12.1,29.9,31.2,23.8,23.6,16.2,16.0,15.7,15.3,16.5,17.1,6.6,7.3,15.3,14.5,7.7,7.8,29.8,29.4,9.5,9.3,22.0,22.4,82.6,83.2,16.2,15.6,12.5,13.9,31.8,31.6,11.9,12.4,3.7,4.0,9.5,8.9,34.2,33.4,3.3,3.7,5.3,5.5
Franklin,14.9,9.0,18.2,16.7,61.7,79.5,6.6,7.9,10.2,10.2,6.2,7.5,76.2,78.1,84.5,86.4,15.4,14.9,59.8,64.6,16.2,16.2,61.3,61.7,11.2,13.3,32.1,33.8,25.0,24.0,17.5,16.3,17.2,15.8,17.9,19.3,7.1,8.1,16.9,15.4,8.2,8.5,32.5,31.2,10.2,9.5,23.7,24.9,75.0,75.8,17.3,16.4,13.6,15.8,38.0,38.3,12.8,13.8,4.0,4.5,10.4,9.5,37.4,36.7,3.6,4.2,5.6,6.0
Gaston,10.3,9.2,19.1,17.8,61.7,79.3,6.9,8.1,10.5,10.5,6.4,7.6,75.1,76.7,84.5,86.0,15.9,15.5,59.9,64.1,16.8,16.7,61.0,61.3,10.9,12.5,31.8,33.3,22.2,21.7,13.6,13.2,12.9,12.5,18.1,19.2,7.5,8.5,13.5,12.7,8.4,8.6,31.1,30.2,8.4,8.0,22.9,23.8,77.9,78.1,17.7,16.9,13.3,15.2,36.5,36.7,13.3,14.2,3.9,4.3,8.4,7.9,38.1,37.5,3.5,4.0,5.5,5.8
Gates,10.9,7.6,17.8,14.9,62.3,83.0,6.3,8.7,10.6,10.4,6.3,8.9,76.4,80.0,85.2,88.5,16.3,15.1,59.0,66.7,17.5,17.0,59.2,59.9,11.5,15.4,33.3,36.6,24.8,23.5,17.7,16.2,17.9,16.3,18.9,21.4,7.3,9.5,16.8,14.4,9.0,9.4,32.3,30.1,10.5,9.3,24.7,27.1,77.4,77.7,18.2,16.1,14.3,18.6,37.3,37.6,13.4,15.1,4.3,5.1,10.6,9.1,37.3,36.0,3.8,5.2,5.9,6.7
Graham,12.2,8.4,19.6,16.4,58.6,81.1,7.3,10.2,10.7,10.5,6.9,9.9,73.9,77.7,81.8,85.6,17.2,16.3,60.2,66.9,18.7,17.9,60.3,60.9,10.4,13.8,34.3,38.4,21.4,20.2,12.7,11.3,11.9,10.4,19.0,21.5,8.5,11.3,12.1,10.1,8.9,9.6,31.2,29.0,8.4,7.3,23.7,26.3,78.4,78.4,18.9,16.9,14.1,18.5,34.0,33.7,14.3,16.1,4.0,4.8,7.6,6.4,34.3,32.6,3.6,4.9,5.5,6.4
Granville,12.8,9.9,17.6,15.9,62.7,80.3,6.4,7.7,10.1,10.3,6.3,7.8,75.9,77.9,84.3,86.2,15.5,15.2,61.0,66.3,16.7,17.1,59.3,59.4,11.8,14.3,32.8,35.1,25.7,25.0,19.1,18.5,18.9,18.2,19.1,21.0,7.0,8.2,18.1,16.7,8.4,8.9,32.7,31.6,11.1,10.5,23.9,25.5,77.4,77.4,16.9,16.1,14.1,16.9,37.5,37.9,13.1,14.5,4.3,5.0,11.4,10.5,36.6,36.0,3.7,4.5,6.0,6.6
Greene,20.5,14.6,16.6,15.6,63.6,78.6,6.1,7.0,10.6,10.6,7.1,8.1,76.0,77.4,81.4,82.8,19.0,18.4,56.4,61.3,20.4,19.9,51.2,52.0,13.8,15.3,39.2,40.1,28.4,27.6,26.3,25.3,26.7,25.8,24.7,25.3,8.1,8.8,22.7,21.4,11.1,11.1,33.2,32.4,14.5,13.8,29.5,29.9,78.3,78.9,18.6,17.9,17.3,18.8,41.2,41.1,15.7,16.2,5.9,6.2,14.5,13.7,40.9,40.1,4.5,5.0,8.2,8.5
Guilford,12.5,9.6,16.4,15.7,61.0,77.1,6.3,7.1,10.5,10.5,5.7,6.3,76.6,77.6,87.2,87.2,15.6,15.4,60.0,64.5,14.9,13.9,60.7,61.7,11.0,11.8,32.6,33.4,24.0,23.6,15.8,15.2,15.5,14.6,17.7,17.8,6.7,7.1,15.3,14.2,8.5,8.6,30.0,29.7,9.4,9.1,23.8,23.7,79.2,79.4,17.1,16.7,12.9,13.5,33.5,32.7,12.2,12.3,3.9,4.0,9.8,9.0,36.3,35.3,3.4,3.7,5.8,5.9
Halifax,15.6,10.9,14.8,12.5,66.5,83.1,5.8,7.8,11.4,11.4,7.2,9.9,78.2,81.0,82.9,85.9,18.8,18.1,55.2,63.0,20.0,19.9,51.9,52.2,14.5,18.6,39.6,43.3,30.0,28.6,31.8,29.6,34.9,32.6,25.2,28.2,7.8,10.0,26.9,23.7,11.6,12.4,35.4,33.4,17.1,15.5,29.8,32.4,77.6,78.4,19.1,17.5,18.5,23.6,41.2,41.2,15.8,17.9,6.4,7.6,18.0,15.8,39.6,38.2,4.9,6.5,8.5,9.7
Harnett,12.9,10.4,17.3,17.0,63.0,77.9,6.6,6.9,10.4,10.4,6.4,6.8,75.0,75.5,85.8,86.0,16.3,16.2,62.5,66.4,16.0,16.0,60.4,60.3,11.5,12.2,33.6,34.0,22.3,22.0,15.4,15.1,15.1,14.8,19.5,19.9,7.7,7.9,14.8,14.4,8.9,8.9,31.0,30.7,9.1,8.9,25.2,25.5,76.5,76.9,17.8,17.5,14.2,14.9,39.4,39.5,13.8,14.1,4.2,4.4,9.4,9.1,37.5,37.3,3.7,3.9,6.0,6.1
Haywood,12.3,6.7,19.0,15.7,60.2,82.6,7.4,10.6,9.6,9.5,6.0,8.8,75.2,79.2,85.8,89.1,13.5,12.8,62.1,68.7,14.3,13.7,66.0,66.4,9.2,12.4,29.1,33.1,20.5,20.0,11.3,10.8,10.9,10.4,15.7,18.0,7.6,10.3,10.7,9.4,7.2,7.9,30.2,28.4,7.2,6.6,20.7,23.3,80.0,80.8,15.5,13.9,11.9,16.0,31.5,31.7,11.9,13.7,3.3,4.0,6.8,6.0,31.5,30.2,3.1,4.4,4.6,5.4
Henderson,12.2,7.4,19.2,15.6,58.8,82.3,7.4,11.0,9.6,9.4,5.8,8.7,74.2,78.9,85.8,89.4,14.6,13.1,59.8,67.2,15.0,13.5,64.8,66.9,9.2,12.4,29.8,33.1,19.5,18.7,10.9,10.3,10.3,9.8,15.9,17.5,7.2,9.9,10.8,9.2,7.3,7.7,29.1,27.1,6.8,6.2,20.7,22.2,76.6,77.1,16.5,14.2,11.5,15.4,33.9,33.6,12.0,13.4,3.2,3.8,6.6,5.6,34.4,32.3,2.9,4.2,4.7,5.2
Hertford,15.1,11.0,15.1,13.3,65.3,81.6,5.4,6.9,11.2,11.2,7.1,9.1,78.4,80.8,82.8,84.8,18.3,17.8,59.5,67.1,20.7,19.5,51.1,52.3,15.0,18.1,38.2,41.0,29.7,29.0,28.8,27.4,31.1,29.3,25.2,27.0,7.5,9.1,25.0,22.4,11.3,11.9,33.8,32.8,15.8,15.0,30.6,32.0,77.6,78.3,18.7,17.5,18.5,22.0,43.4,42.5,15.5,16.7,6.4,7.2,16.7,14.8,42.9,41.3,5.0,6.2,8.6,9.4
Hoke,13.3,11.6,16.7,16.9,62.9,76.3,5.9,5.7,10.9,11.0,6.5,6.2,76.9,76.5,85.2,84.9,16.8,17.0,58.6,62.5,16.6,17.1,57.5,57.0,13.0,13.0,35.5,35.3,25.7,25.6,20.0,20.0,19.5,19.5,20.8,20.9,7.2,6.8,18.8,18.9,9.6,9.5,33.0,33.1,11.8,11.8,26.6,26.5,77.5,77.7,18.0,18.2,15.4,15.1,35.6,35.9,14.0,14.0,4.8,4.8,12.1,12.0,39.8,39.9,4.1,4.0,6.9,6.8
Hyde,16.5,13.2,17.0,14.6,62.9,81.2,6.3,8.4,10.6,10.6,7.5,10.0,74.9,77.9,84.0,86.9,19.5,18.6,54.4,60.4,22.1,22.1,50.5,51.0,13.5,17.0,39.5,42.5,26.6,25.2,24.0,22.3,25.7,24.2,25.4,27.8,8.9,11.0,20.5,18.2,11.3,12.0,32.6,30.6,13.3,11.9,30.5,32.8,73.9,75.5,18.8,17.3,17.9,22.2,39.2,39.5,16.3,18.1,6.1,7.1,13.4,11.9,38.0,36.7,4.6,5.9,8.2,9.1
Iredell,9.8,9.1,18.6,17.2,59.8,78.5,7.0,8.3,9.9,9.9,5.6,6.7,74.5,76.6,85.0,86.8,15.0,14.3,60.4,65.0,14.5,14.3,63.5,64.4,9.7,11.4,29.6,30.7,23.4,22.9,13.4,13.2,11.9,11.8,16.0,16.8,6.8,7.7,12.9,12.2,7.5,7.5,32.6,31.5,8.2,7.9,22.2,23.0,77.6,78.2,16.9,15.8,11.3,13.1,33.5,34.0,11.9,12.7,3.2,3.5,7.7,7.3,30.9,30.4,2.9,3.5,4.7,5.0
Jackson,10.9,7.6,18.9,17.4,59.9,78.7,7.4,8.8,10.5,10.3,6.4,7.7,75.5,77.2,84.2,84.1,15.9,15.9,56.3,63.7,16.1,14.3,61.8,63.2,10.1,11.4,32.0,33.9,20.3,20.1,13.3,12.6,13.2,11.8,17.0,17.4,8.0,9.2,12.3,10.8,8.3,8.5,30.6,30.8,8.6,8.4,22.2,22.5,76.0,76.7,18.1,17.6,12.6,13.9,32.4,30.6,13.2,13.4,3.7,3.8,8.1,6.8,34.0,32.3,3.3,3.8,5.1,5.3
Johnston,12.2,10.2,17.8,17.0,60.1,77.0,6.7,7.3,10.1,10.1,6.0,6.5,76.5,77.5,85.9,86.9,15.6,15.2,61.7,64.9,15.9,16.2,61.1,61.4,11.0,12.1,32.0,32.5,22.9,22.5,14.2,13.9,12.9,12.6,18.0,18.6,7.2,7.5,13.9,13.4,8.2,8.2,30.6,29.9,8.8,8.4,24.1,24.6,81.5,81.5,17.4,16.8,13.3,14.2,36.2,36.8,12.9,13.5,3.8,4.0,8.5,8.2,35.5,35.3,3.4,3.6,5.4,5.5
Jones,13.4,9.8,17.5,14.5,63.6,83.2,6.4,8.9,10.9,10.8,6.7,9.5,76.0,79.8,83.4,87.0,18.0,16.7,59.0,67.5,19.1,18.7,55.7,56.7,12.3,16.5,36.3,39.7,25.4,25.0,20.5,20.5,21.9,21.9,21.8,24.6,7.7,10.0,18.3,16.6,10.2,10.7,32.7,31.0,11.5,10.9,27.7,30.1,79.2,79.7,18.9,16.7,15.7,20.7,38.2,38.4,14.6,16.5,5.0,6.1,11.8,10.6,36.9,35.4,4.1,5.6,6.9,7.9
Lee,15.0,11.5,17.3,15.9,60.3,78.3,6.6,7.8,10.6,10.6,6.7,8.0,75.6,77.4,83.9,85.5,17.0,16.6,59.3,64.7,17.2,17.1,57.8,58.2,11.7,13.7,34.8,36.6,24.3,23.5,18.5,17.5,18.4,17.3,20.5,21.9,7.8,9.0,16.5,15.1,9.4,9.7,32.5,31.3,10.6,9.9,26.7,27.8,74.4,75.2,18.1,17.2,14.7,17.0,38.4,38.5,14.3,15.4,4.5,5.0,10.2,9.4,39.1,38.4,3.8,4.4,6.4,6.9
Lenoir,16.4,9.9,15.3,13.1,64.6,82.4,6.0,8.1,11.2,11.0,7.0,9.5,77.3,80.3,82.3,85.2,18.2,17.1,58.0,64.4,19.2,18.2,53.5,54.5,13.6,17.2,37.4,40.5,26.4,25.4,24.5,23.2,27.3,25.7,23.3,25.3,7.8,10.0,21.5,19.1,11.0,11.5,32.5,30.8,13.6,12.5,28.5,30.4,76.9,77.3,18.9,17.1,17.3,21.4,40.4,40.1,15.2,16.6,5.8,6.6,14.4,12.7,41.4,39.8,4.6,5.9,7.8,8.7
Lincoln,12.0,8.5,19.6,17.2,59.2,79.6,7.1,9.0,10.2,10.2,6.2,8.0,74.3,77.0,85.3,87.9,15.7,15.1,60.8,65.8,16.4,16.5,62.6,63.0,9.7,12.2,31.5,33.9,23.2,22.2,13.7,12.8,12.4,11.5,17.2,19.1,7.5,9.1,13.3,12.0,8.0,8.5,32.3,30.5,8.7,7.9,23.1,24.8,79.2,78.9,17.7,16.4,12.8,15.8,33.2,33.5,12.9,14.4,3.5,4.1,8.0,7.2,34.4,33.5,3.2,4.1,5.0,5.6
Macon,11.5,7.4,18.5,14.4,60.1,83.6,7.4,11.5,9.8,9.5,6.6,10.4,74.2,79.4,83.9,88.3,15.2,13.7,61.3,70.2,15.7,14.4,62.3,64.2,10.0,14.1,31.6,36.0,22.5,20.7,15.6,13.6,16.1,14.0,17.4,19.6,8.2,11.7,14.1,11.3,7.9,8.4,31.6,28.7,9.4,7.9,22.8,24.8,77.4,77.6,16.8,14.2,12.9,17.6,31.3,31.0,12.9,14.7,3.8,4.6,8.7,7.0,32.6,30.4,3.4,4.9,5.2,6.0
Madison,11.1,9.1,18.9,16.4,59.9,81.6,7.4,9.8,10.2,9.9,6.4,8.5,73.3,76.9,86.1,88.2,16.3,15.0,59.4,66.5,18.4,17.0,61.2,63.0,9.8,12.3,33.0,35.2,21.1,19.9,13.4,12.0,13.5,11.9,18.5,19.4,8.1,10.0,12.6,10.7,8.3,8.5,30.9,29.2,8.4,7.5,23.1,24.4,77.2,77.9,17.6,15.9,13.1,15.8,31.9,31.8,13.6,14.5,3.8,4.2,7.8,6.6,32.0,30.7,3.3,4.2,5.2,5.5
Martin,15.2,9.3,16.1,13.1,64.0,84.1,6.0,8.7,11.3,11.2,7.0,10.4,77.2,81.0,84.5,88.1,18.5,17.4,59.0,67.0,19.7,19.2,53.9,54.5,13.3,18.2,37.7,42.3,26.7,26.3,22.2,22.0,23.7,23.4,23.3,26.8,7.7,10.6,19.8,17.6,10.9,11.8,33.0,31.3,12.3,11.5,28.4,31.5,78.7,79.4,19.3,17.1,17.3,23.1,38.5,38.5,15.3,17.6,5.6,6.9,12.9,11.3,38.9,37.1,4.6,6.4,7.7,9.0
McDowell,13.2,13.4,17.9,15.5,60.3,80.6,7.1,9.3,11.1,11.0,7.2,9.5,72.4,75.7,84.4,87.4,20.2,19.0,60.4,67.1,22.8,22.1,52.8,54.1,11.0,13.9,38.9,41.4,23.6,22.3,16.7,15.4,16.8,15.6,23.2,24.8,9.0,11.0,15.0,13.2,10.7,11.0,32.0,30.0,10.3,9.2,28.0,29.5,74.0,74.7,19.8,18.2,16.1,19.5,33.3,33.5,16.0,17.4,5.0,5.6,9.2,8.1,36.3,35.2,3.9,4.9,6.8,7.4
Mecklenburg,12.1,9.1,19.2,19.6,60.4,74.8,6.4,6.1,9.9,9.9,5.2,5.0,76.0,75.7,86.7,86.5,13.0,13.1,60.4,62.7,12.9,13.0,63.7,63.5,10.6,10.5,26.9,26.6,23.5,23.6,13.9,14.1,12.9,13.0,15.5,15.5,5.8,5.6,13.9,14.0,6.8,6.8,31.0,31.2,8.4,8.5,18.9,18.8,80.3,80.3,15.6,15.7,11.3,11.2,34.1,34.2,10.9,10.9,3.3,3.3,8.6,8.6,38.6,38.7,2.9,2.9,4.8,4.7
Mitchell,10.4,7.8,19.8,16.3,59.6,82.0,7.5,10.7,10.2,9.9,6.2,9.0,74.0,78.3,83.9,87.9,16.0,14.5,64.3,70.5,16.4,15.5,62.8,64.3,9.5,12.9,31.8,35.1,22.2,21.4,13.8,13.3,13.8,13.1,16.7,18.4,7.7,10.3,12.8,11.3,8.0,8.2,31.9,30.1,8.3,7.7,22.6,24.4,75.3,75.5,18.0,15.7,12.2,16.0,34.1,34.2,12.9,14.4,3.5,4.1,7.8,6.9,32.8,31.2,3.1,4.3,4.8,5.4
Montgomery,17.8,10.2,17.3,15.0,61.5,81.3,6.7,9.1,10.2,10.1,6.6,9.0,75.6,78.8,82.2,85.2,16.4,15.6,59.9,65.6,17.1,16.6,58.7,59.8,11.4,14.5,33.4,36.4,23.6,22.6,17.5,16.1,17.5,16.0,19.6,21.3,7.9,10.0,16.6,14.4,8.9,9.3,32.4,30.7,10.3,9.3,25.5,27.2,77.4,77.9,17.7,16.2,14.3,17.9,37.5,37.5,13.7,15.1,4.3,5.0,10.4,9.0,35.8,34.5,3.7,4.8,6.2,6.7
Moore,10.4,6.5,19.2,16.2,60.0,81.5,7.2,10.1,9.5,9.4,5.7,8.2,76.3,79.6,86.4,89.4,12.9,12.1,61.2,69.3,12.6,12.5,67.5,68.0,9.2,12.1,27.0,30.6,19.5,18.7,10.0,9.2,9.2,8.4,14.2,16.1,6.8,9.2,10.2,8.8,6.4,6.9,28.9,27.1,6.5,5.8,18.0,19.9,77.3,77.8,15.4,13.9,10.6,14.0,32.1,32.1,10.8,12.3,2.9,3.5,6.4,5.5,32.7,31.4,2.9,3.9,4.2,4.7
Nash,13.3,10.3,16.4,14.7,63.1,81.2,6.1,7.7,10.8,10.6,6.2,7.9,77.1,79.5,86.2,88.1,16.9,15.9,59.0,65.0,18.1,17.1,57.5,59.0,12.2,14.6,34.7,36.2,25.9,25.0,20.5,19.4,20.8,19.5,20.9,21.9,7.0,8.2,19.2,17.4,9.5,9.5,32.3,31.0,11.5,10.8,27.2,27.9,80.9,81.1,18.0,16.5,15.2,17.6,42.1,42.0,13.7,14.6,4.7,5.2,12.1,11.0,37.3,36.0,3.9,4.7,6.6,7.0
New Hanover,8.4,6.6,20.6,19.3,58.9,78.0,7.3,8.6,9.6,9.6,5.3,6.2,76.0,77.7,84.9,85.4,13.0,12.7,64.5,69.7,12.5,11.5,68.1,69.3,9.1,10.2,27.4,28.6,18.6,18.6,9.7,9.6,9.3,9.1,13.5,13.9,6.3,7.1,9.9,9.3,6.5,6.5,29.4,29.1,6.4,6.4,18.2,18.4,79.5,79.2,15.5,15.0,10.0,11.1,32.4,31.6,10.6,10.9,2.9,3.0,6.4,5.9,32.1,30.9,2.7,3.1,4.1,4.2
Northampton,14.2,8.4,15.4,11.8,64.8,85.1,5.7,8.9,11.1,10.9,6.8,10.9,78.6,82.9,83.5,88.2,16.6,15.7,58.4,68.7,18.2,17.9,55.9,56.0,13.9,20.0,35.3,41.6,28.8,26.5,26.9,23.2,28.7,24.6,22.5,26.8,7.1,10.6,24.1,18.9,10.1,11.3,34.6,31.4,14.8,12.3,27.3,31.5,76.2,77.6,17.6,15.3,17.0,24.2,40.3,40.3,14.5,17.3,5.7,7.2,15.9,12.4,40.1,38.1,4.6,6.9,7.5,9.2
Onslow,11.9,9.9,18.9,21.2,61.2,70.9,6.8,5.5,9.9,9.7,6.2,4.9,75.8,73.4,83.4,78.1,14.6,15.2,61.5,65.8,15.3,13.3,63.0,63.9,10.6,8.5,30.9,29.2,23.2,24.0,14.8,14.5,14.7,13.4,16.9,15.1,7.3,6.2,14.3,13.7,7.7,7.2,31.2,33.4,9.0,9.5,23.0,20.6,78.1,78.1,16.4,17.4,12.8,10.3,32.1,29.3,12.5,11.0,3.8,3.1,8.9,8.2,38.6,37.3,3.4,2.7,5.2,4.7
Orange,9.0,5.6,17.8,17.3,60.4,77.1,7.0,7.4,8.9,8.9,4.9,5.1,76.4,77.1,86.7,85.1,10.9,10.7,66.1,70.4,10.2,8.6,71.2,73.2,8.7,8.8,24.3,24.2,18.8,19.0,9.3,9.3,8.1,7.7,12.1,11.6,6.0,6.0,9.8,9.1,5.6,5.4,28.7,29.6,6.3,6.5,16.3,15.4,78.4,79.0,13.7,13.5,9.4,9.4,26.3,24.5,9.6,9.3,2.5,2.4,6.1,5.5,30.6,29.0,2.5,2.6,3.7,3.6
Pamlico,11.4,7.4,18.3,13.8,61.2,83.5,6.9,11.1,10.0,9.8,6.4,10.4,75.6,81.0,84.0,89.0,15.4,13.9,59.0,69.4,17.2,15.8,60.7,62.7,10.9,15.8,32.3,37.2,23.3,21.4,15.3,13.4,14.9,13.2,18.2,21.1,7.6,11.3,14.6,11.5,8.2,8.9,30.8,27.8,9.3,7.8,24.1,26.9,74.1,75.8,17.1,14.3,13.4,19.1,36.6,36.2,13.0,15.3,4.0,5.0,9.3,7.4,34.7,32.1,3.5,5.3,5.4,6.5
Pasquotank,11.5,9.1,17.8,16.4,62.4,79.0,6.3,7.5,10.4,10.3,5.9,7.1,76.3,77.9,84.8,85.9,15.5,15.1,60.5,66.7,16.1,15.3,60.5,61.2,11.4,13.0,32.0,33.5,24.4,23.9,16.8,16.1,16.7,15.8,18.2,19.1,6.8,7.7,16.7,15.3,8.4,8.6,31.5,30.8,9.9,9.4,23.9,24.6,77.1,78.2,17.5,16.6,13.4,15.1,36.0,35.3,12.8,13.3,4.0,4.3,10.5,9.5,36.7,35.4,3.5,4.1,5.7,6.0
Pender,11.0,9.5,18.7,16.8,60.2,79.9,6.9,8.6,10.0,10.0,6.2,7.7,74.0,76.8,86.0,88.4,16.1,14.9,61.3,66.1,16.5,16.0,61.2,62.6,10.1,12.3,32.1,33.4,23.1,22.6,13.7,13.4,13.0,12.8,17.7,18.7,7.4,8.6,13.1,12.2,8.2,8.3,30.9,29.5,8.3,7.8,23.3,24.2,78.7,79.1,17.3,15.9,12.7,15.0,31.3,31.9,12.9,13.9,3.6,4.1,8.1,7.6,32.9,32.2,3.3,4.0,5.2,5.6
Perquimans,10.3,6.8,18.1,14.2,61.8,83.9,6.8,10.5,10.2,10.0,6.2,9.6,76.5,81.1,84.4,88.9,14.5,13.4,62.3,72.1,14.7,14.4,63.6,64.3,10.6,15.1,30.4,35.1,22.2,20.9,14.1,12.8,14.1,12.6,17.0,19.8,7.2,10.3,14.1,11.4,7.8,8.6,30.6,27.9,8.8,7.6,21.9,25.0,77.9,78.9,16.6,14.3,12.9,18.0,33.8,33.9,12.5,14.6,3.8,4.7,9.1,7.4,34.2,32.4,3.4,5.0,5.2,6.2
Person,11.0,9.6,18.2,15.9,62.3,81.4,6.4,8.5,11.0,10.8,6.7,8.7,75.3,78.6,83.8,86.9,18.3,17.0,60.8,66.6,20.1,18.8,56.1,57.8,11.9,14.9,35.7,37.7,23.9,22.9,17.3,16.5,17.2,16.4,21.7,23.1,7.8,9.5,16.5,14.9,10.3,10.4,31.7,29.9,10.3,9.5,27.3,28.7,78.1,78.4,19.2,17.2,15.8,19.1,40.5,40.6,14.7,15.9,4.8,5.4,10.4,9.4,37.8,36.4,4.0,5.1,6.7,7.2
Pitt,11.3,7.6,16.8,17.0,63.6,77.6,6.4,6.4,10.4,10.4,6.1,6.1,78.3,78.3,85.4,83.2,14.1,14.3,62.7,67.3,13.6,12.3,62.9,64.0,11.6,11.4,30.9,31.1,25.0,25.3,21.1,20.8,22.4,21.1,17.7,17.2,6.9,6.9,19.6,18.4,8.3,8.2,32.8,33.9,12.0,12.3,23.7,22.9,77.9,78.5,16.0,16.3,13.8,13.4,37.3,35.4,12.5,12.1,4.3,4.0,12.7,11.6,36.1,34.8,3.7,3.7,5.8,5.7
Polk,9.9,5.2,19.5,14.5,59.3,84.4,7.6,12.7,9.3,8.9,5.2,8.7,74.9,81.2,85.2,89.9,12.8,10.7,62.3,71.1,11.9,9.9,68.6,71.9,8.3,12.2,26.3,30.3,20.7,18.1,12.0,9.4,11.5,8.7,13.2,14.7,6.5,9.9,12.0,8.6,6.2,6.6,30.5,26.6,7.6,5.9,18.7,20.3,77.0,78.4,15.3,12.1,9.6,14.0,32.2,31.3,10.4,11.9,2.7,3.2,7.5,5.4,30.3,27.4,2.6,4.0,3.8,4.4
Randolph,14.1,12.6,18.1,16.4,61.2,80.4,7.0,8.7,10.7,10.6,6.8,8.4,74.1,76.6,84.6,86.4,18.7,17.9,59.7,64.9,19.5,18.9,56.4,57.5,10.9,13.1,35.4,37.2,21.3,21.1,13.5,13.2,13.4,13.0,21.2,22.4,8.3,9.7,12.4,11.5,10.0,10.3,30.8,29.8,8.1,7.8,27.6,28.7,77.7,77.8,19.1,17.8,15.1,17.6,32.5,32.5,15.0,16.1,4.5,5.0,7.7,7.1,35.7,34.7,3.7,4.4,6.4,6.9
Richmond,17.0,10.0,16.7,15.3,64.3,80.9,6.5,8.0,10.9,10.7,6.9,8.3,76.5,78.7,83.1,84.9,17.5,16.4,57.9,63.6,19.2,17.6,54.9,56.9,12.8,14.8,35.6,36.7,24.3,23.9,21.8,21.3,24.4,23.6,21.7,22.2,8.0,9.1,19.0,17.6,10.2,10.2,31.7,30.8,12.2,11.6,27.8,28.0,78.5,79.1,18.7,17.3,16.0,17.9,39.8,39.2,14.8,15.3,5.3,5.6,12.8,11.7,37.9,36.4,4.2,4.9,7.1,7.3
Robeson,17.9,13.1,14.2,13.3,64.4,79.1,6.1,7.0,12.3,12.3,8.5,9.8,77.0,78.3,82.1,83.1,21.6,21.2,55.4,60.2,25.0,24.2,48.8,49.4,15.6,17.4,40.4,41.8,30.1,29.6,33.6,32.6,36.4,35.0,27.2,28.2,10.2,11.2,26.9,25.3,13.4,13.7,34.3,33.8,19.3,18.7,33.1,33.9,74.9,75.5,21.1,20.4,19.3,21.3,41.9,41.5,18.3,19.1,6.8,7.3,18.1,16.8,40.1,39.2,5.5,6.2,9.6,10.1
Rockingham,16.4,9.0,17.4,15.0,62.0,81.5,6.8,9.1,10.8,10.7,6.9,9.2,75.7,78.8,84.0,87.0,17.2,16.4,59.6,66.4,18.4,17.7,57.3,58.2,11.8,14.9,35.0,38.0,23.4,22.9,17.3,16.8,18.0,17.4,20.7,22.7,8.1,10.1,16.4,14.9,9.8,10.3,31.7,30.2,10.2,9.6,25.7,27.6,75.8,76.4,18.5,16.9,15.6,19.4,37.8,38.0,14.6,16.1,4.8,5.6,10.7,9.6,38.1,37.0,4.0,5.2,6.5,7.3
Rowan,13.6,9.1,17.9,16.3,62.1,80.1,6.7,8.2,10.0,10.0,6.6,8.0,75.9,77.9,84.7,86.2,15.3,14.9,57.5,63.6,16.8,16.3,60.5,61.2,11.3,13.2,32.4,34.2,25.1,24.4,18.1,17.1,18.2,16.9,19.2,20.4,7.9,9.1,16.6,15.1,8.8,9.0,32.4,31.3,10.8,10.1,24.9,25.8,75.5,75.7,16.6,15.6,14.5,16.6,33.9,33.7,13.6,14.5,4.4,4.8,10.4,9.4,31.8,30.8,3.7,4.4,6.0,6.4
Rutherford,14.6,9.6,17.9,15.2,61.0,81.6,7.1,9.5,10.9,10.6,6.8,9.4,74.5,77.9,82.6,86.2,18.6,17.4,61.0,67.0,19.8,19.5,56.8,57.6,11.0,14.4,36.3,39.5,23.3,22.5,16.5,15.6,17.7,16.5,20.6,22.7,8.3,10.6,14.8,13.0,10.1,10.4,32.5,30.8,10.0,9.2,25.9,28.2,76.9,77.6,19.6,17.7,15.0,19.0,36.7,36.9,14.9,16.5,4.6,5.4,9.6,8.4,34.3,33.1,3.7,4.9,6.2,6.9
Sampson,16.8,13.1,16.4,14.8,63.1,80.5,6.2,7.7,10.6,10.6,7.2,8.9,75.5,77.7,83.1,85.1,18.4,17.6,55.8,60.8,19.7,19.0,53.2,54.3,13.3,15.7,37.1,39.0,24.4,24.1,20.5,20.2,21.3,20.8,23.4,24.8,8.3,9.7,18.4,17.2,10.4,10.6,32.0,31.1,11.5,11.1,30.9,31.7,76.6,77.2,18.3,17.1,16.8,19.4,38.5,38.3,15.2,16.3,5.5,6.1,11.5,10.7,35.6,34.5,4.3,5.2,7.6,8.2
Scotland,14.6,10.7,15.6,14.3,64.2,79.9,6.1,7.3,11.5,11.4,7.7,9.3,77.6,79.3,83.1,84.5,19.6,19.0,55.2,60.3,21.3,20.5,50.5,51.2,14.8,16.9,39.8,41.6,26.5,26.2,26.1,25.8,28.7,28.4,25.4,26.6,8.9,10.2,21.8,20.6,12.1,12.4,32.3,31.6,14.7,14.2,30.3,31.3,75.0,75.8,19.8,18.8,18.9,21.3,41.1,40.8,16.6,17.5,6.5,7.0,14.8,13.8,41.3,40.2,5.1,6.0,8.7,9.2
Stanly,12.7,9.3,18.4,16.7,60.6,79.9,7.1,8.9,10.2,10.0,6.4,7.9,75.2,77.7,84.1,86.1,16.5,15.4,58.0,64.6,17.5,16.3,60.1,61.8,10.3,12.2,33.0,34.1,22.9,22.4,14.9,14.4,14.5,13.8,18.3,18.9,7.8,9.1,13.6,12.5,8.5,8.4,31.4,30.4,9.1,8.6,23.8,24.2,76.8,77.6,17.9,16.5,12.9,14.9,34.3,34.2,13.2,13.9,3.9,4.1,8.5,7.9,35.7,34.4,3.4,4.0,5.4,5.6
Stokes,13.4,8.6,19.8,16.8,59.8,80.9,7.2,10.0,10.3,10.2,6.4,8.9,73.8,77.7,82.4,86.6,16.7,15.5,61.0,67.9,18.4,17.4,60.6,61.9,9.9,13.1,32.8,36.0,22.9,21.9,15.3,14.4,15.4,14.3,18.2,20.1,7.8,10.2,14.2,12.3,8.7,9.1,31.9,29.8,9.3,8.4,24.3,26.0,75.6,75.7,18.2,16.3,13.3,17.1,33.1,33.3,13.4,15.0,3.8,4.5,8.9,7.7,33.0,31.7,3.4,4.5,5.3,6.0
Surry,18.4,10.9,18.1,15.7,60.0,80.6,7.1,9.4,10.5,10.5,7.1,9.6,74.0,77.1,82.7,85.5,17.5,16.9,59.1,64.4,18.7,18.4,57.8,58.2,11.1,14.2,35.4,38.8,22.4,21.6,16.6,15.5,17.2,16.0,20.8,23.1,8.8,11.1,15.2,13.5,9.4,10.1,33.4,31.8,9.9,9.1,25.7,27.8,75.7,76.1,18.3,17.0,14.9,18.9,35.3,35.5,14.9,16.7,4.5,5.4,9.6,8.5,33.7,32.7,3.8,5.0,6.2,7.0
Swain,12.6,10.0,18.3,16.4,58.8,78.5,7.1,9.0,11.8,11.5,7.2,9.0,74.5,77.2,82.5,84.8,19.5,18.2,56.4,62.0,21.3,20.1,55.4,56.9,12.0,14.3,38.3,39.8,24.5,24.1,21.0,20.5,21.1,20.5,22.3,23.2,9.2,10.9,17.4,16.1,10.9,10.9,33.4,32.3,12.6,11.9,27.0,28.0,73.8,74.0,20.5,18.8,16.0,18.6,36.8,36.7,16.1,16.9,4.7,5.1,11.4,10.5,36.2,34.9,4.1,5.0,6.8,7.2
Transylvania,6.7,5.0,19.7,15.0,59.2,83.6,7.5,12.0,9.7,9.2,5.6,9.1,75.5,80.8,84.8,89.2,13.3,11.7,60.9,69.8,13.3,11.8,67.9,69.7,8.8,12.6,27.7,32.1,19.2,18.3,9.6,8.8,8.7,8.0,14.1,16.0,6.9,10.4,9.5,7.6,6.8,7.1,29.2,26.8,6.6,5.7,18.8,21.0,78.9,78.5,16.0,13.2,10.9,15.0,32.8,31.8,11.3,12.7,3.0,3.6,6.0,4.8,32.0,29.3,2.8,4.2,4.1,4.8
Tyrrell,16.0,9.0,17.6,14.5,62.3,82.8,6.1,8.6,10.1,10.0,6.6,9.5,76.3,79.8,82.1,86.1,15.6,15.0,58.7,65.8,16.3,16.2,59.1,59.2,12.3,16.2,33.3,37.7,26.3,25.5,20.5,19.5,20.3,19.3,20.1,23.1,7.4,10.0,18.5,16.3,8.9,9.8,32.7,30.8,11.4,10.4,25.7,28.7,78.2,79.2,16.7,15.1,15.1,19.9,37.0,37.0,13.5,15.5,4.6,5.6,11.6,10.1,37.0,35.7,4.0,5.5,6.4,7.5
Union,10.3,7.2,20.1,19.1,59.4,76.7,6.9,7.6,9.3,9.3,5.6,6.2,74.4,75.8,84.8,86.4,12.2,12.1,63.4,65.1,11.5,11.8,69.1,69.3,9.5,10.8,26.0,26.9,20.6,20.2,10.3,10.0,9.2,8.7,13.9,14.7,6.6,7.0,10.8,10.1,6.3,6.4,28.4,27.6,6.7,6.4,19.4,20.1,73.5,73.7,14.8,14.4,10.8,11.9,31.1,31.7,10.7,11.4,2.9,3.2,6.5,6.1,31.7,31.6,2.9,3.2,4.2,4.5
Vance,12.5,11.1,15.1,13.6,65.1,81.6,5.9,7.5,11.2,11.1,6.4,8.0,77.9,80.3,84.9,86.8,17.7,16.7,59.4,66.2,19.1,18.0,54.1,55.6,13.6,16.2,36.3,38.0,28.8,28.0,26.5,25.4,28.0,26.6,23.1,23.9,7.0,8.3,23.8,21.8,10.5,10.6,34.2,33.1,14.6,13.8,28.5,29.2,80.9,80.7,18.7,17.3,16.5,19.1,41.2,41.0,14.7,15.5,5.5,5.9,15.3,13.8,41.0,39.7,4.2,5.1,7.6,7.9
Wake,9.8,7.0,18.7,18.5,59.0,75.0,6.8,6.9,8.8,8.8,4.8,4.9,76.8,77.2,87.0,87.3,11.0,10.8,64.0,66.0,9.7,9.6,70.4,70.7,8.9,9.2,24.8,24.7,19.3,19.0,8.8,8.6,7.4,7.2,12.6,12.6,5.7,5.6,9.2,9.0,5.3,5.2,29.5,29.3,5.7,5.6,15.8,15.8,80.4,80.4,13.6,13.4,9.1,9.2,25.6,25.8,9.4,9.5,2.5,2.5,5.7,5.6,31.6,31.5,2.5,2.6,3.7,3.7
Warren,13.5,10.3,15.1,12.2,65.1,84.1,5.9,8.9,11.5,11.0,7.0,10.3,77.9,82.1,84.7,88.4,19.6,17.1,57.4,66.2,21.7,19.1,50.1,53.6,14.5,19.1,39.9,42.5,27.6,26.4,27.1,25.4,30.2,28.1,25.2,26.4,7.8,10.6,23.9,20.5,11.7,11.6,33.1,30.9,14.9,13.4,30.6,31.7,79.6,80.2,19.8,16.7,17.7,22.4,42.0,41.1,15.9,17.1,6.2,6.9,16.2,13.8,41.4,38.5,4.7,6.4,8.4,9.0
Washington,14.8,9.9,15.2,12.2,64.8,84.5,6.1,9.2,11.6,11.3,6.8,10.4,77.5,81.9,84.2,88.0,19.1,17.1,57.9,65.6,20.1,18.1,52.0,54.7,13.8,18.9,38.3,42.0,25.9,25.2,23.5,22.3,25.7,24.4,24.4,26.7,7.5,10.5,21.1,18.0,11.5,12.0,32.8,30.7,13.1,11.8,30.0,32.0,78.5,79.3,19.6,16.7,17.5,23.2,41.0,40.4,15.5,17.5,6.0,7.1,14.1,11.9,40.4,37.7,4.6,6.5,8.1,9.2
Watauga,9.1,7.4,19.5,19.7,60.0,75.6,7.5,7.2,9.9,9.9,6.5,6.4,75.6,75.3,85.2,80.0,14.6,15.6,60.3,67.2,14.3,11.7,63.5,64.9,9.9,9.2,30.2,30.8,21.8,23.1,15.2,15.4,16.1,14.2,16.2,15.4,8.2,8.0,13.4,12.1,8.0,7.9,31.5,34.5,9.6,10.7,20.6,19.6,76.2,77.7,16.7,17.6,12.6,11.7,33.7,29.8,12.6,11.7,3.7,3.4,8.9,7.6,32.1,29.9,3.4,3.2,5.0,4.8
Wayne,15.2,9.9,16.7,15.6,64.2,79.9,6.4,7.4,10.4,10.4,6.4,7.6,76.8,78.2,84.5,85.5,16.3,16.0,57.4,63.3,16.0,15.5,59.2,59.5,12.2,13.9,34.5,36.3,25.0,24.5,19.1,18.4,20.0,18.9,19.5,20.5,7.3,8.3,17.5,16.2,9.1,9.3,31.8,31.2,11.0,10.6,25.5,26.3,76.7,77.5,17.8,17.1,14.5,16.4,39.1,38.6,13.3,14.0,4.4,4.8,11.2,10.3,35.7,34.7,3.8,4.4,6.3,6.7
Wilkes,14.5,9.4,18.6,15.6,61.2,82.0,7.2,9.9,10.8,10.6,6.8,9.5,74.0,77.8,82.3,85.7,18.4,17.1,57.5,63.9,18.8,17.7,57.7,59.0,10.6,13.7,35.0,37.9,22.7,21.9,17.0,16.1,18.1,17.0,20.6,22.5,8.5,11.0,14.9,13.2,10.1,10.6,32.1,30.5,9.9,9.1,25.3,27.2,75.8,76.1,19.2,17.1,15.0,18.9,35.2,35.0,15.0,16.5,4.6,5.3,9.3,8.2,34.3,32.7,3.7,4.9,6.2,7.0
Wilson,16.5,12.5,15.0,13.4,64.4,81.5,6.1,7.7,11.2,11.1,6.8,8.6,77.0,79.4,83.5,85.5,18.9,18.0,54.7,61.3,20.8,19.8,52.1,53.5,13.7,16.4,37.7,39.5,26.2,25.6,24.4,23.4,26.4,25.3,24.3,25.6,7.7,9.1,21.6,19.8,11.2,11.5,33.3,32.1,13.4,12.6,30.0,30.8,78.9,79.4,19.4,18.0,17.3,20.2,39.2,38.9,15.6,16.6,5.9,6.6,14.1,12.8,38.1,36.7,4.5,5.5,8.1,8.7
Yadkin,13.8,9.5,19.3,16.7,60.4,80.9,7.2,9.6,10.3,10.3,7.0,9.5,74.1,77.3,83.6,86.6,17.2,16.4,59.0,65.1,18.9,18.4,58.4,59.1,10.7,13.7,34.0,37.3,23.8,23.5,17.3,17.0,17.2,16.9,19.8,22.0,8.5,10.8,15.0,13.6,9.3,9.8,32.6,31.4,10.1,9.6,25.6,27.4,77.5,78.1,18.4,16.8,14.6,18.4,36.1,36.0,14.5,16.2,4.3,5.1,9.3,8.3,33.8,32.5,3.7,4.9,5.9,6.7
Yancey,11.9,6.6,19.5,15.8,60.1,82.6,7.3,10.6,9.7,9.8,6.6,10.1,74.8,78.9,83.2,87.2,14.8,14.5,58.2,66.6,15.0,15.8,63.6,62.6,9.8,13.9,30.8,36.5,21.0,19.7,13.6,11.9,14.0,12.1,16.8,20.7,8.0,11.4,12.7,10.5,7.9,9.0,31.0,28.5,8.4,7.2,22.2,26.1,77.0,78.1,16.7,15.0,13.0,18.6,32.3,32.8,12.8,15.4,3.6,4.7,8.1,6.8,32.0,30.9,3.4,5.0,5.0,6.2
