Feature,Coverage,N_Available,N_Total,Years,N_Years,Selected
PovertyRate,1.0,600,600,2018-2023,6,True
MedianHouseholdIncome,1.0,600,600,2018-2023,6,True
ChildPovertyRate,1.0,600,600,2018-2023,6,True
UnemploymentRate,1.0,600,600,2018-2023,6,True
RPL_THEME1,1.0,600,600,2018-2023,6,True
RPL_THEME2,1.0,600,600,2018-2023,6,True
RPL_THEME3,1.0,600,600,2018-2023,6,True
RPL_THEME4,1.0,600,600,2018-2023,6,True
EP_UNEMP,1.0,600,600,2018-2023,6,True
EP_UNINSUR,1.0,600,600,2018-2023,6,True
EP_AGE65,1.0,600,600,2018-2023,6,True
EP_AGE17,1.0,600,600,2018-2023,6,True
EP_DISABL,1.0,600,600,2018-2023,6,True
EP_MINRTY,1.0,600,600,2018-2023,6,True
EP_MOBILE,1.0,600,600,2018-2023,6,True
EP_NOVEH,1.0,600,600,2018-2023,6,True
E_TOTPOP,1.0,600,600,2018-2023,6,True
ACCESS2_age-adjusted_prevalence,1.0,600,600,2018-2023,6,True
ARTHRITIS_age-adjusted_prevalence,1.0,600,600,2018-2023,6,True
ACCESS2_crude_prevalence,1.0,600,600,2018-2023,6,True
CHD_age-adjusted_prevalence,1.0,600,600,2018-2023,6,True
CASTHMA_crude_prevalence,1.0,600,600,2018-2023,6,True
ARTHRITIS_crude_prevalence,1.0,600,600,2018-2023,6,True
BINGE_age-adjusted_prevalence,1.0,600,600,2018-2023,6,True
BINGE_crude_prevalence,1.0,600,600,2018-2023,6,True
CASTHMA_age-adjusted_prevalence,1.0,600,600,2018-2023,6,True
CANCER_crude_prevalence,1.0,600,600,2018-2023,6,True
CANCER_age-adjusted_prevalence,1.0,600,600,2018-2023,6,True
COPD_age-adjusted_prevalence,1.0,600,600,2018-2023,6,True
CHECKUP_crude_prevalence,1.0,600,600,2018-2023,6,True
CSMOKING_age-adjusted_prevalence,1.0,600,600,2018-2023,6,True
COPD_crude_prevalence,1.0,600,600,2018-2023,6,True
CHECKUP_age-adjusted_prevalence,1.0,600,600,2018-2023,6,True
CHD_crude_prevalence,1.0,600,600,2018-2023,6,True
STROKE_crude_prevalence,1.0,600,600,2018-2023,6,True
STROKE_age-adjusted_prevalence,1.0,600,600,2018-2023,6,True
LPA_age-adjusted_prevalence,1.0,600,600,2018-2023,6,True
LPA_crude_prevalence,1.0,600,600,2018-2023,6,True
MHLTH_crude_prevalence,1.0,600,600,2018-2023,6,True
MHLTH_age-adjusted_prevalence,1.0,600,600,2018-2023,6,True
PHLTH_crude_prevalence,1.0,600,600,2018-2023,6,True
PHLTH_age-adjusted_prevalence,1.0,600,600,2018-2023,6,True
OBESITY_crude_prevalence,1.0,600,600,2018-2023,6,True
OBESITY_age-adjusted_prevalence,1.0,600,600,2018-2023,6,True
chr_ypll_rate,1.0,600,600,2018-2023,6,True
chr_poor_health_pct,1.0,600,600,2018-2023,6,True
chr_preventable_hosp,1.0,600,600,2018-2023,6,True
chr_uninsured_pct,1.0,600,600,2018-2023,6,True
MA_Enrollment_Annual,1.0,600,600,2018-2023,6,True
DIABETES_crude_prevalence,1.0,600,600,2018-2023,6,True
DIABETES_age-adjusted_prevalence,1.0,600,600,2018-2023,6,True
CSMOKING_crude_prevalence,1.0,600,600,2018-2023,6,True
Medicaid_Enrollment,1.0,600,600,2018-2023,6,True
chr_pcp_rate,0.98,588,600,2018-2023,6,True
DEPRESSION_crude_prevalence,0.8333333333333334,500,600,2019-2023,5,True
GHLTH_age-adjusted_prevalence,0.8333333333333334,500,600,2019-2023,5,True
GHLTH_crude_prevalence,0.8333333333333334,500,600,2019-2023,5,True
DEPRESSION_age-adjusted_prevalence,0.8333333333333334,500,600,2019-2023,5,True
EP_POV150,0.6666666666666666,400,600,2020-2023,4,False
EP_NOINT,0.6666666666666666,400,600,2020-2023,4,False
KIDNEY_crude_prevalence,0.6666666666666666,400,600,2018-2021,4,False
KIDNEY_age-adjusted_prevalence,0.6666666666666666,400,600,2018-2021,4,False
BPHIGH_age-adjusted_prevalence,0.5,300,600,2019-2023,3,False
BPHIGH_crude_prevalence,0.5,300,600,2019-2023,3,False
BPMED_age-adjusted_prevalence,0.5,300,600,2019-2023,3,False
BPMED_crude_prevalence,0.5,300,600,2019-2023,3,False
COGNITION_crude_prevalence,0.5,300,600,2021-2023,3,False
COLON_SCREEN_age-adjusted_prevalence,0.5,300,600,2018-2022,3,False
DENTAL_age-adjusted_prevalence,0.5,300,600,2018-2022,3,False
VISION_age-adjusted_prevalence,0.5,300,600,2021-2023,3,False
SELFCARE_age-adjusted_prevalence,0.5,300,600,2021-2023,3,False
SELFCARE_crude_prevalence,0.5,300,600,2021-2023,3,False
MAMMOUSE_crude_prevalence,0.5,300,600,2018-2022,3,False
MAMMOUSE_age-adjusted_prevalence,0.5,300,600,2018-2022,3,False
COLON_SCREEN_crude_prevalence,0.5,300,600,2018-2022,3,False
COGNITION_age-adjusted_prevalence,0.5,300,600,2021-2023,3,False
CHOLSCREEN_age-adjusted_prevalence,0.5,300,600,2019-2023,3,False
CHOLSCREEN_crude_prevalence,0.5,300,600,2019-2023,3,False
INDEPLIVE_age-adjusted_prevalence,0.5,300,600,2021-2023,3,False
DISABILITY_age-adjusted_prevalence,0.5,300,600,2021-2023,3,False
HEARING_age-adjusted_prevalence,0.5,300,600,2021-2023,3,False
DISABILITY_crude_prevalence,0.5,300,600,2021-2023,3,False
DENTAL_crude_prevalence,0.5,300,600,2018-2022,3,False
HIGHCHOL_crude_prevalence,0.5,300,600,2019-2023,3,False
TEETHLOST_age-adjusted_prevalence,0.5,300,600,2018-2022,3,False
SLEEP_crude_prevalence,0.5,300,600,2018-2022,3,False
SLEEP_age-adjusted_prevalence,0.5,300,600,2018-2022,3,False
TEETHLOST_crude_prevalence,0.5,300,600,2018-2022,3,False
VISION_crude_prevalence,0.5,300,600,2021-2023,3,False
HEARING_crude_prevalence,0.5,300,600,2021-2023,3,False
MOBILITY_age-adjusted_prevalence,0.5,300,600,2021-2023,3,False
MOBILITY_crude_prevalence,0.5,300,600,2021-2023,3,False
HIGHCHOL_age-adjusted_prevalence,0.5,300,600,2019-2023,3,False
INDEPLIVE_crude_prevalence,0.5,300,600,2021-2023,3,False
COREW_crude_prevalence,0.3333333333333333,200,600,2018-2020,2,False
COREW_age-adjusted_prevalence,0.3333333333333333,200,600,2018-2020,2,False
CERVICAL_age-adjusted_prevalence,0.3333333333333333,200,600,2018-2020,2,False
CERVICAL_crude_prevalence,0.3333333333333333,200,600,2018-2020,2,False
COREM_crude_prevalence,0.3333333333333333,200,600,2018-2020,2,False
COREM_age-adjusted_prevalence,0.3333333333333333,200,600,2018-2020,2,False
FOODINSECU_age-adjusted_prevalence,0.3333333333333333,200,600,2022-2023,2,False
FOODINSECU_crude_prevalence,0.3333333333333333,200,600,2022-2023,2,False
EMOTIONSPT_crude_prevalence,0.3333333333333333,200,600,2022-2023,2,False
LACKTRPT_crude_prevalence,0.3333333333333333,200,600,2022-2023,2,False
LACKTRPT_age-adjusted_prevalence,0.3333333333333333,200,600,2022-2023,2,False
HOUSINSECU_crude_prevalence,0.3333333333333333,200,600,2022-2023,2,False
HOUSINSECU_age-adjusted_prevalence,0.3333333333333333,200,600,2022-2023,2,False
FOODSTAMP_crude_prevalence,0.3333333333333333,200,600,2022-2023,2,False
FOODSTAMP_age-adjusted_prevalence,0.3333333333333333,200,600,2022-2023,2,False
SHUTUTILITY_age-adjusted_prevalence,0.3333333333333333,200,600,2022-2023,2,False
SHUTUTILITY_crude_prevalence,0.3333333333333333,200,600,2022-2023,2,False
EMOTIONSPT_age-adjusted_prevalence,0.3333333333333333,200,600,2022-2023,2,False
LONELINESS_age-adjusted_prevalence,0.16666666666666666,100,600,2023-2023,1,False
ISOLATION_crude_prevalence,0.16666666666666666,100,600,2022-2022,1,False
ISOLATION_age-adjusted_prevalence,0.16666666666666666,100,600,2022-2022,1,False
LONELINESS_crude_prevalence,0.16666666666666666,100,600,2023-2023,1,False
