County,Region,E_TOTPOP,Total_ED,ED_rate_per_1000,Observed_log_ED,Predicted_log_ED,Residual,Excess_ratio,Expected_ED,Excess_ED_visits,Excess_z,Classification
Alamance,Piedmont,171779,44396,258.448355154006,10.70090465427187,11.04281551991153,-0.3419108656396599,0.7104115239639415,62493.35561489767,-18097.35561489767,-0.3539119451254669,Expected
Alexander,West,36505,0,0.0,,,,,,,,No ED Facility
Alleghany,West,10989,4916,447.35644735644735,8.500250470685925,9.061105650415195,-0.5608551797292698,0.5707207862485469,8613.66909783289,-3697.6690978328897,-0.5709121421205221,Expected
Anson,Piedmont,22200,15679,706.2612612612612,9.66007751636045,9.242009067666489,0.41806844869396187,1.5190246460969572,10321.754844653939,5357.245155346061,0.3993191292154995,Expected
Ashe,West,26759,8438,315.33315893718003,9.040500592684284,9.245971899536647,-0.20547130685236326,0.8142634580135827,10362.739377479522,-1924.7393774795219,-0.21868390205948438,Expected
Avery,West,17679,7075,400.1923185700549,8.864322722511439,9.14238117982558,-0.2780584573141418,0.7572525532700556,9342.985995158311,-2267.985995158311,-0.2906265145681101,Expected
Beaufort,East,44711,17960,401.6908590727114,9.795902341856191,10.00044260569531,-0.20454026383911916,0.8150219253451719,22036.216991823538,-4076.2169918235377,-0.21776112624717373,Expected
Bertie,East,17818,8995,504.8265798630598,9.104424146384634,8.641811472108687,0.4626126742759471,1.5882180655552993,5663.579954843936,3331.4200451560637,0.4434678241312615,Expected
Bladen,South Central,29807,11198,375.683564263428,9.323490469908839,9.3038504109016,0.019640059007238975,1.0198341938230588,10980.216262431824,217.78373756817564,0.004428586339581914,Expected
Brunswick,East,139721,36628,262.15100092326855,10.508568254227622,10.690206832498616,-0.18163857827099328,0.8339026765049157,43923.590884150464,-7295.590884150464,-0.1950627963066751,Expected
Buncombe,West,269449,66585,247.11540959513675,11.106234605936246,11.115122043312402,-0.00888743737615627,0.9911519391569004,67179.40748482918,-594.4074848291784,-0.023845600001876785,Expected
Burke,West,87799,37185,423.5241859246688,10.523660733137401,10.527254972456383,-0.003594239318982062,0.9964122122273772,37318.89226535749,-133.89226535749185,-0.018599402922419697,Expected
Cabarrus,Piedmont,226396,92082,406.7298008798742,11.43043476340315,11.181380877261383,0.24905388614176793,1.28281115695125,71781.41498148772,20300.585018512284,0.23180533228790146,Expected
Caldwell,West,80716,20315,251.6849199663016,9.919114808421828,10.362476212629833,-0.4433614042080052,0.6418751887698868,31649.45515175999,-11334.45515175999,-0.45446165314654446,Expected
Camden,East,10547,0,0.0,,,,,,,,No ED Facility
Carteret,East,68353,33677,492.69234708059633,10.424570390754766,9.710333963974103,0.7142364267806638,2.0426263918264644,16487.107057246463,17189.892942753537,0.6928572823101606,Expected
Caswell,Piedmont,22747,0,0.0,,,,,,,,No ED Facility
Catawba,West,161011,63599,394.99785728925355,11.06035302593416,10.864414513712454,0.19593851222170677,1.2164521060973164,52282.37074128756,11316.62925871244,0.1791615965871338,Expected
Chatham,Piedmont,76754,13912,181.2543971649686,9.54050705603412,10.048681284556869,-0.5081742285227495,0.6015929479801051,23125.27107691442,-9213.271076914421,-0.5186989716747119,Expected
Cherokee,West,28868,11402,394.97020922821116,9.341544057591527,8.995522079447822,0.34602197814370506,1.4134336801248473,8066.880080990337,3335.119919009663,0.3279123956485094,Expected
Chowan,East,13835,14759,1066.7871340802312,9.599608345181776,9.173751394090582,0.4258569510911947,1.5309017656420232,9640.723089642815,5118.2769103571845,0.40703847356807427,Expected
Clay,West,11186,0,0.0,,,,,,,,No ED Facility
Cleveland,West,99527,75200,755.5738643785104,11.227906509937931,10.534022311772437,0.6938841981654935,2.00147457853952,37572.29834758809,37627.70165241191,0.6726857714072889,Expected
Columbus,South Central,50827,10,0.1967458240698841,2.302585092994046,10.00801600473503,-7.705430911740984,0.00045037458437388974,22203.739613552996,-22193.739613552996,-7.652047579408436,Below Expected
Craven,East,101098,42948,424.81552552968407,10.667745360554026,10.743618843431165,-0.0758734828771388,0.92693347209715,46333.42229279071,-3385.4222927907103,-0.09023684258826166,Expected
Cumberland,South Central,335207,72919,217.5342400367534,11.197104515039761,11.4099882066556,-0.2128836916158381,0.8082501380173932,90218.35762239086,-17299.35762239086,-0.2260304685166469,Expected
Currituck,East,28616,0,0.0,,,,,,,,No ED Facility
Dare,East,37160,18474,497.14747039827773,9.824119617152556,9.59417664665126,0.22994297050129653,1.258528234648517,14679.05088768982,3794.9491123101798,0.21286411211517364,Expected
Davidson,Piedmont,169498,55825,329.35491864210786,10.929977076708358,10.69385405185788,0.2361230248504782,1.2663300906543067,44084.08235103649,11740.917648963507,0.2189892906419094,Expected
Davie,Piedmont,43030,18228,423.6114338833372,9.810714152383774,9.615960912569353,0.19475323981442116,1.2150111331226263,15002.331668478904,3225.6683315210958,0.17798684881191404,Expected
Duplin,East,49312,23093,468.3038611291369,10.047284820283895,9.530436521867383,0.5168482984165124,1.6767347457001163,13772.601813865072,9320.398186134928,0.49722186278528907,Expected
Durham,North Central,325101,88598,272.52453852802665,11.391864562974959,11.658400391495151,-0.2665358285201922,0.7660285575648769,115658.87345198149,-27060.87345198149,-0.2792062010121957,Expected
Edgecombe,East,49067,19795,403.42796584262334,9.89318465954023,9.874906545897277,0.018278113642953286,1.018446180783955,19436.471335935163,358.52866406483736,0.0030787343757371875,Expected
Forsyth,Piedmont,383739,179063,466.6270564107375,12.095492978208414,11.802193689975956,0.29329928823245766,1.34084402922517,133544.98815456906,45518.01184543094,0.2756578571170024,Expected
Franklin,North Central,69680,10473,150.30137772675087,9.256555795773146,10.182373606706394,-0.925817810933248,0.39620726391198186,26433.13476031221,-15960.134760312209,-0.9326340858777966,Expected
Gaston,West,228972,77861,340.04594448229483,11.262680464647342,11.066584323293338,0.19609614135400477,1.216643869500635,63996.54159434316,13864.458405656842,0.17931782605079014,Expected
Gates,East,10509,0,0.0,,,,,,,,No ED Facility
Graham,West,8047,0,0.0,,,,,,,,No ED Facility
Granville,North Central,61161,20254,331.1587449518484,9.91610758389223,10.066577150003962,-0.150469566111731,0.8603039120021364,23542.84307840008,-3288.843078400081,-0.16417054954144086,Expected
Greene,East,20407,0,0.0,,,,,,,,No ED Facility
Guilford,Piedmont,539557,167862,311.11078162270155,12.030897492256653,11.964647200924322,0.06625029133233085,1.0684941185169885,157101.47308343003,10760.526916569972,0.05062494288159548,Expected
Halifax,East,48772,19035,390.28540966128105,9.854034668816597,9.277836476717425,0.5761981920991719,1.7792611468616732,10698.260923403306,8336.739076596694,0.5560447588003077,Expected
Harnett,South Central,134718,42960,318.88834454193204,10.668024729182747,10.687981088286776,-0.01995635910402882,0.9802414509885096,43825.93692266091,-865.9369226609124,-0.03481623518579899,Expected
Haywood,West,62152,16179,260.31342515124214,9.691469384005337,10.027667477989997,-0.3361980939846596,0.7144815572979143,22644.391355862423,-6465.391355862423,-0.3482499000539724,Expected
Henderson,West,116469,41361,355.12453957705486,10.63009368683974,10.702218862384525,-0.07212517554478559,0.9304144233892843,44454.38393928963,-3093.3839392896334,-0.08652181836897203,Expected
Hertford,East,21633,15446,714.001756575602,9.64510534912921,9.308232226142003,0.33687312298720684,1.4005613534243406,11028.435107276731,4417.564892723269,0.31884477779556625,Expected
Hoke,Piedmont,52612,71257,1354.3868319014673,11.174048338919148,9.895543085957094,1.278505252962054,3.5912676749215415,19841.74014585442,51415.25985414558,1.2521156807238099,Excess Burden
Hyde,East,4636,0,0.0,,,,,,,,No ED Facility
Iredell,West,187839,71555,380.93793088762186,11.178221663744976,10.871923418199744,0.3062982455452321,1.3583873791238674,52676.43170105977,18878.568298940227,0.2885413901255275,Expected
Jackson,West,42388,28268,666.8868547702181,10.249485701810745,9.621343911822708,0.628141789988037,1.874124824122948,15083.306958077797,13184.693041922203,0.6075271232608085,Expected
Johnston,East,219042,57371,261.9178057176249,10.95729422815692,10.96065561652493,-0.003361388368009699,0.9966442547731701,57564.17069103287,-193.17069103287213,-0.018368619572591265,Expected
Jones,East,9263,0,0.0,,,,,,,,No ED Facility
Lee,Piedmont,63560,23723,373.237885462555,10.074200320662365,10.240531488789454,-0.1663311681270887,0.8467657659181049,28016.01216633785,-4293.012166337849,-0.17989130838508477,Expected
Lenoir,East,55071,31624,574.2405258666086,10.361671604976522,10.022197785808366,0.33947381916815544,1.404208528528883,22520.87162092004,9103.12837907996,0.32142238108221366,Expected
Lincoln,West,87933,34855,396.381335789749,10.4589518779205,10.501787096555049,-0.042835218634548866,0.9580692490196168,36380.46000919747,-1525.4600091974717,-0.05749194177260296,Expected
Macon,West,37088,19845,535.0787316652287,9.895707365217167,9.339366237019673,0.5563411281974933,1.7442787181968387,11377.195509508329,8467.804490491671,0.5363640157934623,Expected
Madison,West,21414,0,0.0,,,,,,,,No ED Facility
Martin,East,21992,9517,432.74827209894505,9.160834952072344,8.828508064319808,0.3323268877525365,1.3942085237220232,6826.095119970377,2690.904880029623,0.3143389108786224,Expected
Mcdowell,Unknown,44629,19709,441.6186784377871,9.888830663192495,9.081583968447747,0.8072466947447481,2.241727322335712,8791.881065831287,10917.118934168713,0.7850416651505779,Expected
Mecklenburg,Piedmont,1115403,413260,370.5028586080547,12.931832213817597,11.816834943730735,1.114997270086862,3.049559854137809,135514.63810073008,277745.3618992699,1.0900595677723726,Excess Burden
Mitchell,West,14989,12704,847.5548735739542,9.449672183486918,9.113098009126348,0.33657417436056924,1.400142720109258,9073.360749258956,3630.6392507410437,0.31854848368470295,Expected
Montgomery,Piedmont,25839,10439,404.00170285227756,9.253304071408298,9.213607356954032,0.0396967144542657,1.0404951591918843,10032.723273895475,406.27672610452464,0.024307148617684418,Expected
Moore,Piedmont,100759,34446,341.8652428070942,10.447148159395692,10.848637402588581,-0.4014892431928896,0.669322519434237,51463.97887391628,-17017.978873916283,-0.4129612961874233,Expected
Nash,East,95015,50414,530.589906856812,10.828024193264135,10.679379307174422,0.1486448860897127,1.1602608912605104,43450.5725218663,6963.427478133701,0.1322879144368275,Expected
New Hanover,East,228134,91625,401.62799056694746,11.425459439188952,11.357862941198697,0.06759649799025524,1.0699335010490836,85636.16328506438,5988.83671493562,0.05195919589099808,Expected
Northampton,East,17528,0,0.0,,,,,,,,No ED Facility
Onslow,East,203686,40303,197.86828746207397,10.604181186851473,10.987708002246075,-0.38352681539460143,0.6814538043510838,59142.67371121157,-18839.673711211573,-0.39515836585353636,Expected
Orange,Piedmont,145919,60274,413.06478251632757,11.00665611228545,10.938566803424852,0.06808930886059805,1.0704609058536811,56306.58688271492,3967.413117285083,0.05244763084483719,Expected
Pamlico,East,12317,0,0.0,,,,,,,,No ED Facility
Pasquotank,East,40454,31558,780.095911405547,10.359582401595615,9.83475220217081,0.5248301994248052,1.6901718318627679,18671.47434661682,12886.525653383182,0.5051328884650227,Expected
Pender,East,61592,15832,257.04636965839717,9.669788487282402,9.884752659363569,-0.21496417208116725,0.8065703373962413,19628.790281463404,-3796.7902814634035,-0.22809247534563457,Expected
Perquimans,East,13053,0,0.0,,,,,,,,No ED Facility
Person,North Central,39131,11299,288.7480514170351,9.332469505209247,9.4418735980736,-0.10940409286435404,0.896368128339437,12605.312084145515,-1306.3120841455147,-0.12346971736212803,Expected
Pitt,East,171196,67473,394.1271992336269,11.119482796839282,10.998088085654594,0.12139471118468848,1.1290704811732841,59759.776847486835,7713.223152513165,0.10527970759150262,Expected
Polk,West,19538,8570,438.6324086395741,9.056023011591826,9.327967582760758,-0.2719445711689321,0.7618964909513389,11248.247106767887,-2678.247106767887,-0.28456691670445955,Expected
Randolph,Piedmont,144403,23678,163.97166263858784,10.072301625971582,10.708571581711636,-0.6362699557400546,0.5292629208581662,44737.689089588275,-21059.689089588275,-0.6456572722634331,Expected
Richmond,Piedmont,43149,28574,662.2169691070476,10.260252492425103,9.652039947907223,0.6082125445178796,1.8371446479239348,15553.48406141565,13020.51593858435,0.5877748396220702,Expected
Robeson,South Central,117573,40712,346.26997695049033,10.614278168268669,9.652804889003562,0.9614732792651068,2.615547067487869,15565.386112168993,25146.61388783101,0.9378987939687068,Expected
Rockingham,Piedmont,91209,36881,404.357026170663,10.515451792270389,10.540013371024086,-0.024561578753697688,0.9757376023629093,37798.071849118656,-917.0718491186562,-0.039380562765343415,Expected
Rowan,Piedmont,147067,35986,244.69119516954856,10.490885252912465,10.823219488051302,-0.33233423513883764,0.7172475534513868,50172.35656899186,-14186.356568991861,-0.34442035036143603,Expected
Rutherford,West,64680,17769,274.721706864564,9.785210644945074,9.76016694915407,0.02504369579100363,1.025359923458491,17329.524583003,439.47541699700014,0.009784241504423218,Expected
Sampson,East,59317,25960,437.64856617833,10.164312170818027,9.806154837409675,0.3581573334083519,1.4306906982171577,18145.081974985816,7814.9180250141835,0.33993999496746474,Expected
Scotland,Piedmont,34222,42738,1248.8457717257904,10.662843733206408,8.293244140020176,2.3695995931862317,10.693109832769506,3996.779296985007,38741.220703014995,2.3335216434835075,Excess Burden
Stanly,Piedmont,62723,23490,374.50377054668945,10.064330077652958,9.979764702986397,0.08456537466656044,1.0882439854942487,21585.233011264027,1904.7669887359734,0.06877739734488898,Expected
Stokes,Piedmont,44696,2969,66.42652586361196,7.99598047476376,9.662165868208598,-1.666185393444838,0.18896652548502704,15711.77748217238,-12742.77748217238,-1.6664275708641783,Below Expected
Surry,West,71429,36590,512.2569264584413,10.507530258013253,9.992086740842382,0.5154435171708709,1.6743809538438523,21852.85249214097,14737.14750785903,0.49582955530150397,Expected
Swain,West,14130,7159,506.65251238499644,8.876125585396185,8.242042428681767,0.6340831567144178,1.8852928307531895,3797.2880834325997,3361.7119165674003,0.613415733592643,Expected
Transylvania,West,33131,12978,391.71772660046486,9.471010895181113,9.658089681795179,-0.18707878661406596,0.829378389896104,15647.863699011665,-2669.8636990116647,-0.20045469829348692,Expected
Tyrrell,East,3389,0,0.0,,,,,,,,No ED Facility
Union,Piedmont,240109,62461,260.13602155687624,11.042297640955464,11.43446077169058,-0.3921631307351152,0.6755938948421026,92453.47016434796,-29992.470164347964,-0.4037179949902669,Expected
Vance,North Central,42492,20572,484.1381907182529,9.931686206894806,10.245863515800382,-0.3141773089055757,0.7303895121125533,28165.793263512573,-7593.793263512573,-0.3264246486423682,Expected
Wake,North Central,1132103,293655,259.3889425255476,12.590160887878753,11.87214570990302,0.7180151779757331,2.0503595704227795,143221.22043181382,150433.77956818618,0.6966024800657403,Expected
Warren,North Central,18803,0,0.0,,,,,,,,No ED Facility
Washington,East,11051,2555,231.2007963080264,7.845807502637805,8.702025008012608,-0.8562175053748033,0.4247657215861856,6015.080478855418,-3460.080478855418,-0.8636517965687579,Expected
Watauga,West,54540,16584,304.0704070407041,9.716193654115616,9.662058217693797,0.054135436421818284,1.055627562893707,15710.086192273733,873.9138077262669,0.038617661883780824,Expected
Wayne,East,117480,49317,419.7906026557712,10.80602412817762,10.729907479151136,0.07611664902648485,1.0790884414321777,45702.46340007679,3614.536599923209,0.06040369220494546,Expected
Wilkes,West,66125,24573,371.61436672967864,10.109403558183711,9.81872300722071,0.2906805509630015,1.337337304592585,18374.57155768646,6198.42844231354,0.27306237293778,Expected
Wilson,East,78667,32511,413.273672569184,10.389333772591105,10.196278703915311,0.19305506867579325,1.2129495872075542,26803.257400702558,5707.742599297442,0.17630375659211447,Expected
Yadkin,West,37280,0,0.0,,,,,,,,No ED Facility
Yancey,West,18538,0,0.0,,,,,,,,No ED Facility
